PlayerID,Player,Team,TeamAbbreviation,Position,AverageSpeed,HighSpeedRuns,Sprints,TotalDistance,DistanceRank,MinutesPlayed
411375,Rodri,Spain,ESP,MF,7.05,1294,318,96233.71,1,819
430628,Alexis Mac Allister,Argentina,ARG,MF,6.23,1024,277,90561.77,2,869
430735,Marc Cucurella,Spain,ESP,DF,6.18,907,363,87986.05,3,857
474973,Pau Cubarsi,Spain,ESP,DF,6.03,816,263,85956.03,4,857
485655,Michael Olise,France,FRA,FW,7.07,1054,388,84499.58,5,719
448252,Enzo Fernandez,Argentina,ARG,MF,5.74,1054,332,82828.98,6,755
335999,Aymeric Laporte,Spain,ESP,DF,5.8,695,204,79572.1,7,824
481610,Elliot Anderson,England,ENG,MF,6.6,1006,282,78697.97,8,713
369419,Harry Kane,England,ENG,FW,5.64,859,260,78564.69,9,732
402021,Remo Freuler,Switzerland,SUI,MF,6.79,1001,213,73750.57,10,654
389876,Dayot Upamecano,France,FRA,DF,5.95,598,228,73611.38,11,740
448202,Jude Bellingham,England,ENG,MF,6.37,947,403,73254.75,12,698
311558,Granit Xhaka,Switzerland,SUI,MF,6.51,1062,210,72775.82,13,673
416081,Julian Alvarez,Argentina,ARG,FW,6.23,787,340,71340.54,14,690
402047,Adrien Rabiot,France,FRA,MF,5.67,816,248,71263.06,15,657
405841,Marc Guehi,England,ENG,DF,5.82,660,203,70981.57,16,761
485740,Neil El Aynaoui,Morocco,MAR,MF,6.69,836,276,70474.7,17,634
430707,Jules Kounde,France,FRA,DF,6.46,834,323,69981.25,18,666
403049,Ezri Konsa,England,ENG,DF,5.65,666,195,69849.14,19,739
448360,Brandon Mechele,Belgium,BEL,DF,6.31,806,227,68409.01,20,651
423646,Pedri,Spain,ESP,MF,7.3,976,291,68013.79,21,565
398680,Ousmane Dembele,France,FRA,FW,6.21,817,274,67502.9,22,648
433097,Declan Rice,England,ENG,MF,5.64,709,233,66754.62,23,622
389867,Kylian Mbappe,France,FRA,FW,5.21,529,250,66726.57,24,769
430751,Mikel Oyarzabal,Spain,ESP,FW,5.93,745,319,65551.23,25,664
411443,Timothy Castagne,Belgium,BEL,DF,7.29,844,335,65175.17,26,546
229397,Lionel Messi,Argentina,ARG,FW,4.53,527,204,64419.37,27,853
484320,Lamine Yamal,Spain,ESP,FW,5.6,559,262,64219.36,28,697
400721,Achraf Hakimi,Morocco,MAR,DF,5.89,624,296,63750.68,29,650
398509,Nico Elvedi,Switzerland,SUI,DF,5.66,611,199,63204.39,30,673
448355,Leandro Trossard,Belgium,BEL,FW,6.77,802,276,63148.76,31,561
404645,Sander Berge,Norway,NOR,MF,5.69,770,192,63083.25,32,554
430144,Pedro Porro,Spain,ESP,DF,4.44,631,283,62981.89,33,640
400716,Martin Odegaard,Norway,NOR,MF,5.86,878,302,62928.93,34,537
405178,Manuel Akanji,Switzerland,SUI,DF,5.6,631,187,62661.14,35,673
402921,Lisandro Martinez,Argentina,ARG,DF,4.66,485,167,62187.63,36,708
401444,Youri Tielemans,Belgium,BEL,MF,5.75,862,256,61812.67,37,538
385306,Andres Cubas,Paraguay,PAR,MF,6.6,756,205,60748.96,38,554
483442,Patrick Berg,Norway,NOR,MF,6.93,797,263,59224.02,39,519
430750,Dani Olmo,Spain,ESP,FW,6.55,849,266,57942.66,40,535
402925,Nahuel Molina,Argentina,ARG,DF,5.14,608,265,57871.18,41,592
431196,Cristian Romero,Argentina,ARG,DF,4.43,415,108,57671.78,42,685
390259,Weston Mckennie,USA,USA,MF,6.86,771,236,57573.6,43,504
463902,Gustavo Puerta,Colombia,COL,DF,6.63,742,195,57392.35,44,520
461788,Marawan Attia,Egypt,EGY,MF,6.85,829,260,56580.27,45,495
447860,Alex Baena,Spain,ESP,MF,5.58,626,264,55400.88,46,522
313559,Ricardo Rodriguez,Switzerland,SUI,DF,5.83,541,200,55242.44,47,567
483516,Kristoffer Ajer,Norway,NOR,DF,4.95,480,150,54843.56,48,554
430605,Bruno Guimaraes,Brazil,BRA,MF,7.16,739,158,54744.12,49,458
428882,Rodrigo De Paul,Argentina,ARG,MF,5.36,573,286,54526.53,50,539
463780,Nico Oreilly,England,ENG,DF,5.43,596,236,54499.2,51,523
332847,Leandro Paredes,Argentina,ARG,MF,5.31,566,148,54268.14,52,557
448373,Maxim De Cuyper,Belgium,BEL,DF,6.55,653,234,54016.4,53,492
441252,Alistair Johnston,Canada,CAN,DF,6.28,683,264,53458.13,54,511
441307,Azzedine Ounahi,Morocco,MAR,MF,6.59,654,266,53453.19,55,477
428886,Luis Diaz,Colombia,COL,FW,6.05,510,248,52994.8,56,525
308322,Nicolas Tagliafico,Argentina,ARG,DF,5.24,542,191,52897.74,57,543
368860,Lucas Digne,France,FRA,DF,4.6,588,211,52627.74,58,513
433635,Stephen Eustaquio,Canada,CAN,MF,7.14,897,210,52496.91,59,444
367981,Douglas Santos,Brazil,BRA,DF,6.22,642,220,52462.91,60,505
441257,Jonathan David,Canada,CAN,FW,6.61,667,256,52214.28,61,475
408950,Mohamed Hany,Egypt,EGY,DF,5.71,516,201,52140.55,62,546
491244,Torbjorn Heggem,Norway,NOR,DF,5.14,475,141,51748.22,63,503
369267,Yasser Ibrahim,Egypt,EGY,DF,5.79,514,181,51489.36,64,533
484141,Joao Neves,Portugal,POR,MF,6.8,638,197,51136.79,65,450
448612,Bilal El Khannouss,Morocco,MAR,MF,6.11,554,226,50933.34,66,501
430601,Gabriel Magalhaes,Brazil,BRA,DF,5.86,500,122,50836.58,67,520
403585,Roberto Alvarado,Mexico,MEX,FW,6.34,567,185,50296.79,68,476
395206,Bruno Fernandes,Portugal,POR,MF,6.4,572,219,50225.1,69,471
489704,Renato Veiga,Portugal,POR,DF,5.77,498,145,49867.82,70,518
395550,Jefferson Lerma,Colombia,COL,MF,6.51,713,170,49541.65,71,459
419177,William Saliba,France,FRA,DF,4.12,407,157,49524.88,72,533
393480,Breel Embolo,Switzerland,SUI,FW,5.56,468,235,49484.27,73,531
419652,Erling Haaland,Norway,NOR,FW,4.61,375,172,49468.92,74,537
332946,Marquinhos,Brazil,BRA,DF,5.68,453,141,49331.59,75,520
344654,Mohamed Salah,Egypt,EGY,FW,6.32,493,201,49162.03,76,469
483161,Mostafa Zico,Egypt,EGY,MF,7.41,726,225,49154.47,77,398
464114,Desire Doue,France,FRA,FW,6.62,587,269,49084.57,78,449
369744,Gustavo Gomez,Paraguay,PAR,DF,5.32,342,109,49082.71,79,554
430740,Brahim Diaz,Morocco,MAR,FW,5.88,524,225,49004.01,80,500
479601,Juan Jose Caceres,Paraguay,PAR,DF,5.99,521,193,48658.8,81,488
483505,David Moller Wolfe,Norway,NOR,DF,5.1,520,216,48590.19,82,477
386013,Davinson Sanchez,Colombia,COL,DF,5.36,441,145,48497.14,83,541
424422,Matias Galarza,Paraguay,PAR,MF,5.32,560,237,48496.58,84,439
430753,Unai Simon,Spain,ESP,GK,3.37,143,44,48090.58,85,857
403083,Issa Diop,Morocco,MAR,DF,4.5,413,102,48036.09,86,534
411680,Noussair Mazraoui,Morocco,MAR,DF,5.3,396,146,48034.34,87,542
405742,Vinicius Junior,Brazil,BRA,FW,5.68,514,253,47848.57,88,505
431200,Daniel Munoz,Colombia,COL,DF,6.53,598,221,47613.35,89,451
485760,Ayyoub Bouaddi,Morocco,MAR,MF,5.57,586,166,47487.66,90,425
430440,Aiden Oneill,Australia,AUS,MF,6.97,648,186,47323.13,91,406
464542,Alex Freeman,USA,USA,DF,6.46,545,179,47281.6,92,442
429157,Julian Quinones,Mexico,MEX,FW,6.43,581,251,47274.89,93,440
492716,Morgan Rogers,England,ENG,MF,6.39,608,227,47046.38,94,411
401889,Ismaila Sarr,Senegal,SEN,FW,6.69,556,216,46719.89,95,419
358120,Kevin De Bruyne,Belgium,BEL,MF,5.67,573,204,46612.9,96,412
430669,Florian Wirtz,Germany,GER,MF,6.85,653,229,46415.88,97,405
441149,Vitinha,Portugal,POR,MF,6.85,559,174,46256.34,98,404
441234,Julio Enciso,Paraguay,PAR,FW,6.43,538,237,46088.56,99,431
431696,Richie Laryea,Canada,CAN,DF,5.81,464,231,46053.79,100,475
506329,Djed Spence,England,ENG,DF,5.99,417,214,45630.64,101,476
477795,Fares Chaibi,Algeria,ALG,MF,6.76,549,177,45534.2,102,403
403642,Krepin Diatta,Senegal,SEN,DF,5.93,467,164,45457.47,103,459
485677,Manu Kone,France,FRA,MF,4.03,590,110,45337.05,104,426
448598,Ismael Saibari,Morocco,MAR,MF,5.54,615,315,45216.86,105,411
405893,Aurelien Tchouameni,France,FRA,MF,3.32,637,155,45082.82,106,407
308386,Casemiro,Brazil,BRA,MF,6.37,449,116,45002.51,107,425
411367,Kai Havertz,Germany,GER,FW,6.93,577,202,44897.03,108,392
495349,Nicolas Raskin,Belgium,BEL,MF,6.95,508,128,44872.33,109,396
335656,Danilo,Brazil,BRA,DF,5.68,495,217,44689.09,110,471
386413,Joshua Kimmich,Germany,GER,DF,6.79,518,157,44638.55,111,392
448014,Alessandro Circati,Australia,AUS,DF,6.09,424,142,44568.44,112,438
494291,Ibrahim Maza,Algeria,ALG,MF,6.85,524,152,44461.44,113,389
448214,Malik Tillman,USA,USA,MF,6.45,607,215,44391.65,114,415
480322,Luc De Fougerolles,Canada,CAN,DF,6.37,528,174,44379.43,115,421
419020,Gonzalo Plata,Ecuador,ECU,FW,6.52,494,187,44302.06,116,407
433469,Mohanad Lashin,Egypt,EGY,MF,6.48,538,161,44288.9,117,409
448114,Dan Ndoye,Switzerland,SUI,FW,6.21,509,248,44247.46,118,437
371609,Franck Kessie,Côte d'Ivoire,CIV,MF,6.8,553,184,44144.95,119,389
430138,Tajon Buchanan,Canada,CAN,FW,6.58,537,213,43975.29,120,401
441622,Jhon Lucumi,Colombia,COL,DF,4.87,350,115,43823.06,121,538
441251,Antonee Robinson,USA,USA,DF,5.27,556,206,43815.48,122,399
448189,Anthony Gordon,England,ENG,FW,4.46,474,232,43686.72,123,442
384752,Ruben Dias,Portugal,POR,DF,5.0,429,110,43585.96,124,418
419518,Erik Lira,Mexico,MEX,MF,5.34,497,137,43502.52,125,391
436612,Denzel Dumfries,Netherlands,NED,DF,6.05,470,183,43452.06,126,432
424036,Pedro Vite,Ecuador,ECU,MF,6.38,648,177,43374.6,127,407
409241,Diney Borges,Cabo Verde,CPV,DF,5.88,395,111,43337.98,128,445
394500,Johan Mojica,Colombia,COL,DF,4.7,474,198,43296.39,129,442
402772,Jesus Gallardo,Mexico,MEX,DF,6.16,395,136,43286.39,130,431
369749,Junior Alonso,Paraguay,PAR,DF,5.96,457,123,43140.24,131,456
430442,Harry Souttar,Australia,AUS,DF,5.87,370,82,43035.91,132,438
433076,Samuel Moutoussamy,Congo DR,COD,MF,7.17,613,169,42992.72,133,360
308300,Emiliano Martinez,Argentina,ARG,GK,2.75,78,18,42953.19,134,934
419062,Chris Richards,USA,USA,DF,4.91,486,97,42886.99,135,419
483327,Viktor Gyokeres,Sweden,SWE,FW,6.41,426,177,42857.3,136,400
430482,Emam Ashour,Egypt,EGY,MF,6.48,522,185,42840.52,137,395
484860,Bradley Barcola,France,FRA,FW,6.03,340,165,42770.58,138,432
489517,Jan Paul Van Hecke,Netherlands,NED,DF,5.92,374,114,42651.39,139,432
385259,Konrad Laimer,Austria,AUT,MF,6.21,442,194,42644.73,140,412
403596,Jorge Sanchez,Mexico,MEX,DF,5.26,485,223,42619.96,141,388
430690,Moussa Niakhate,Senegal,SEN,DF,5.57,386,119,42611.78,142,459
401378,Jonathan Tah,Germany,GER,DF,6.1,392,119,42610.17,143,419
448343,Hans Vanaken,Belgium,BEL,MF,7.1,586,159,42602.58,144,362
433667,Josip Stanisic,Croatia,CRO,DF,6.19,418,196,42580.9,145,413
448332,Mike Maignan,France,FRA,GK,3.14,110,14,42478.9,146,810
428885,Moises Caicedo,Ecuador,ECU,MF,6.23,505,134,42353.4,147,407
353790,Sadio Mane,Senegal,SEN,FW,6.02,435,204,42224.81,148,421
430718,Fabian Ruiz,Spain,ESP,MF,7.0,518,111,42082.99,149,366
448196,Bukayo Saka,England,ENG,FW,5.48,518,213,42010.73,150,411
425701,Johan Vasquez,Mexico,MEX,DF,4.88,449,132,41955.37,151,412
390238,Tyler Adams,USA,USA,MF,5.07,566,175,41838.77,152,397
336022,Jordan Pickford,England,ENG,GK,2.92,118,27,41775.24,153,756
477770,Pico Lopes,Cabo Verde,CPV,DF,5.66,366,99,41751.06,154,445
359381,Ivan Perisic,Croatia,CRO,FW,6.04,452,183,41581.7,155,413
201200,Cristiano Ronaldo,Portugal,POR,FW,5.07,330,153,41504.05,156,490
441316,Yoane Wissa,Congo DR,COD,FW,6.07,384,140,41481.27,157,409
358241,Marcel Sabitzer,Austria,AUT,MF,6.03,488,233,41363.96,158,412
483304,Gustaf Lagerbielke,Sweden,SWE,DF,6.18,436,119,41310.47,159,400
448171,Josip Sutalo,Croatia,CRO,DF,5.96,410,118,40954.87,160,413
344661,Ramy Rabia,Egypt,EGY,DF,5.82,435,128,40932.16,161,431
448362,Charles De Ketelaere,Belgium,BEL,FW,5.32,426,217,40926.71,162,385
483497,Fredrik Aursnes,Norway,NOR,MF,6.87,571,173,40597.72,163,355
436743,Ermedin Demirovic,Bosnia and Herzegovina,BIH,FW,6.09,375,176,40423.23,164,399
426357,Aaron Wan Bissaka,Congo DR,COD,DF,6.07,460,194,40401.23,165,399
470760,Jhon Arias,Colombia,COL,MF,5.93,410,159,40007.46,166,405
448531,Antoine Semenyo,Ghana,GHA,MF,5.78,285,167,39933.84,167,414
424031,Piero Hincapie,Ecuador,ECU,DF,6.35,420,192,39830.97,168,376
332314,Idrissa Gana Gueye,Senegal,SEN,MF,5.81,449,140,39822.15,169,411
441067,Stefan Posch,Austria,AUT,DF,6.43,479,164,39797.88,170,370
441333,Gideon Mensah,Ghana,GHA,DF,5.74,365,158,39697.98,171,414
441088,Nicolas Seiwald,Austria,AUT,MF,6.65,491,132,39640.15,172,361
489688,Yasin Ayari,Sweden,SWE,MF,6.4,434,109,39607.81,173,371
477852,Kevin Pina,Cabo Verde,CPV,MF,6.07,388,116,39576.48,174,389
506039,Ime Okon,South Africa,RSA,DF,5.9,460,183,39562.72,175,402
401448,Denis Zakaria,Switzerland,SUI,MF,4.05,393,168,39537.36,176,392
403274,Hiroki Ito,Japan,JPN,DF,5.85,358,119,39533.62,177,405
485066,Petar Sucic,Croatia,CRO,MF,7.0,548,158,39444.7,178,338
448152,Cody Gakpo,Netherlands,NED,FW,5.98,418,177,39227.0,179,394
463218,Khuliso Mudau,South Africa,RSA,DF,5.83,399,189,39120.48,180,402
433195,Nuno Mendes,Portugal,POR,DF,5.23,382,160,39049.58,181,447
448103,Fabian Rieder,Switzerland,SUI,MF,6.04,566,179,38929.3,182,332
398588,Alexander Sorloth,Norway,NOR,FW,5.38,483,187,38789.92,183,363
448557,Daichi Kamada,Japan,JPN,MF,6.49,423,128,38789.21,184,359
422657,Frenkie De Jong,Netherlands,NED,MF,6.5,424,109,38652.6,185,360
448607,Chadi Riad,Morocco,MAR,DF,3.94,393,99,38595.32,186,390
430452,Connor Metcalfe,Australia,AUS,MF,6.49,513,175,38524.77,187,354
431230,Noor Alrawabdeh,Jordan,JOR,MF,7.46,635,142,38422.0,188,309
403063,Axel Tuanzebe,Congo DR,COD,DF,5.59,311,128,38203.61,189,409
397786,Virgil Van Dijk,Netherlands,NED,DF,5.3,292,100,38197.13,190,432
511009,Rafik Belghali,Algeria,ALG,DF,6.27,480,170,38083.65,191,362
339510,Tim Ream,USA,USA,DF,4.36,432,109,38063.62,192,419
404353,Leroy Sane,Germany,GER,MF,6.38,477,221,38060.03,193,360
376230,Sead Kolasinac,Bosnia and Herzegovina,BIH,DF,6.09,339,142,38026.39,194,373
484849,Aleksandar Pavlovic,Germany,GER,MF,7.64,597,165,38018.1,195,300
448107,Gregor Kobel,Switzerland,SUI,GK,3.39,82,13,38006.08,196,673
395050,Aubrey Modiba,South Africa,RSA,DF,5.96,442,154,37864.78,197,381
376285,Aissa Mandi,Algeria,ALG,DF,5.62,331,81,37858.06,198,403
355642,Ryan Mendes,Cabo Verde,CPV,FW,6.2,468,170,37830.2,199,366
482774,Martin Baturina,Croatia,CRO,MF,6.58,489,175,37805.67,200,344
402920,Lautaro Martinez,Argentina,ARG,FW,5.32,369,151,37720.93,201,368
418548,Pedro Neto,Portugal,POR,FW,5.93,368,208,37581.23,202,381
514166,Nathan Ngoy,Belgium,BEL,DF,4.75,353,112,37462.64,203,376
430176,Ryan Gravenberch,Netherlands,NED,MF,5.99,443,129,37432.87,204,374
463128,Diego Gomez,Paraguay,PAR,MF,6.73,492,179,37311.9,205,332
395283,Victor Lindelof,Sweden,SWE,DF,5.72,315,101,37262.4,206,390
405522,Keito Nakamura,Japan,JPN,MF,6.72,497,180,36946.02,207,330
423522,Jordan Bos,Australia,AUS,DF,6.41,396,223,36920.34,208,343
406280,Sergino Dest,USA,USA,DF,6.75,464,210,36917.8,209,335
356532,Chancel Mbemba,Congo DR,COD,DF,5.4,347,135,36904.51,210,409
368649,Joao Cancelo,Portugal,POR,DF,6.46,388,151,36826.9,211,342
483276,Gabriel Gudmundsson,Sweden,SWE,DF,6.21,340,137,36816.96,212,356
430413,Ayase Ueda,Japan,JPN,FW,6.28,385,141,36607.93,213,349
442434,Lewis Ferguson,Scotland,SCO,MF,7.16,451,119,36575.01,214,306
241559,Luka Modric,Croatia,CRO,MF,6.08,401,122,36541.56,215,360
418963,Facundo Medina,Argentina,ARG,DF,3.78,409,121,36406.07,216,350
439641,Reece James,England,ENG,DF,3.75,333,131,36392.78,217,368
433787,Scott Mctominay,Scotland,SCO,MF,7.12,483,135,36353.67,218,306
489520,Nikola Katic,Bosnia and Herzegovina,BIH,DF,6.17,419,139,36234.39,219,353
405545,Ferran Torres,Spain,ESP,FW,6.38,345,197,35975.8,220,349
395113,Ramy Bensebaini,Algeria,ALG,DF,5.3,301,122,35700.14,221,403
483448,Antonio Nusa,Norway,NOR,FW,6.08,411,176,35679.45,222,357
430150,Alexander Isak,Sweden,SWE,FW,5.5,346,155,35655.02,223,389
504199,Mbekezeli Mbokazi,South Africa,RSA,DF,5.31,336,138,35585.09,224,402
430476,Omar Marmoush,Egypt,EGY,FW,5.73,321,165,35476.36,225,369
448290,Willian Pacho,Ecuador,ECU,DF,5.2,284,119,35347.02,226,407
448341,Jeremy Doku,Belgium,BEL,FW,5.22,443,172,35176.6,227,341
384797,Ramin Rezaeian,IR Iran,IRN,DF,6.79,458,170,34994.84,228,309
466624,Folarin Balogun,USA,USA,FW,4.78,329,183,34951.64,229,348
353235,Jordan Ayew,Ghana,GHA,FW,6.47,416,167,34883.48,230,323
511015,Nathaniel Brown,Germany,GER,DF,4.93,354,129,34794.69,231,319
402893,Mathias Olivera,Uruguay,URU,DF,6.63,458,126,34595.17,232,313
479294,Kaishu Sano,Japan,JPN,MF,5.11,411,114,34501.68,233,303
510922,Yan Diomande,Côte d'Ivoire,CIV,FW,5.71,370,178,34347.31,234,361
472908,Vladimir Coufal,Czechia,CZE,DF,6.82,443,154,34224.86,235,301
506279,Caleb Yirenkyi,Ghana,GHA,MF,6.84,460,136,34220.54,236,307
369434,John Stones,England,ENG,DF,3.32,345,93,34211.7,237,380
489300,Martin Experience,Haiti,HAI,DF,6.65,447,187,33997.02,238,306
486147,Noah Sadiki,Congo DR,COD,MF,6.86,420,141,33931.45,239,297
477847,Steven Moreira,Cabo Verde,CPV,DF,6.63,313,113,33908.12,240,346
430831,Ibrahim Sangare,Côte d'Ivoire,CIV,MF,6.63,387,110,33681.96,241,305
269058,James Rodriguez,Colombia,COL,MF,5.95,357,56,33663.08,242,338
386538,Rodrigo Bentancur,Uruguay,URU,MF,6.44,352,145,33644.76,243,313
484087,Arda Guler,Türkiye,TUR,FW,6.43,425,120,33635.28,244,313
379939,Nabil Bentaleb,Algeria,ALG,MF,6.59,405,115,33625.87,245,313
418729,Carlos Harvey,Panama,PAN,DF,6.82,446,118,33573.58,246,295
431212,Ali Olwan,Jordan,JOR,FW,6.79,411,138,33572.53,247,297
371958,Derek Cornelius,Canada,CAN,DF,4.58,368,106,33569.61,248,351
429642,Jamal Musiala,Germany,GER,MF,6.61,412,140,33546.51,249,305
430609,Matheus Cunha,Brazil,BRA,FW,6.2,417,134,33491.79,250,324
405454,Elijah Just,New Zealand,NZL,MF,6.88,460,178,33430.3,251,291
475036,Rayan,Brazil,BRA,FW,4.95,395,135,33427.25,252,327
492363,Felix Nmecha,Germany,GER,MF,6.64,442,141,33325.14,253,299
369761,Miguel Almiron,Paraguay,PAR,MF,6.51,357,129,33177.48,254,306
466838,Danley Jean Jacques,Haiti,HAI,MF,6.87,470,138,33149.8,255,288
431202,Omar Alderete,Paraguay,PAR,DF,4.35,271,94,33031.77,256,363
504990,Kerim Alajbegovic,Bosnia and Herzegovina,BIH,FW,6.35,365,130,32990.98,257,312
373235,Orjan Nyland,Norway,NOR,GK,2.97,60,6,32935.89,258,554
423595,Marko Stamenic,New Zealand,NZL,MF,6.52,415,133,32898.29,259,302
430631,Nico Gonzalez,Argentina,ARG,MF,5.32,322,153,32891.62,260,324
430477,Ahmed Fatouh,Egypt,EGY,DF,3.93,408,166,32856.27,261,301
371736,Saeid Ezatolahi,IR Iran,IRN,MF,6.6,406,65,32836.4,262,298
430763,Luis Romo,Mexico,MEX,MF,5.53,483,143,32815.01,263,284
436572,Arthur Masuaku,Congo DR,COD,DF,5.79,343,114,32800.85,264,340
368660,Guillermo Varela,Uruguay,URU,DF,6.27,352,149,32750.8,265,313
428905,Luis Suarez,Colombia,COL,FW,5.34,267,155,32718.6,266,365
391646,Ritsu Doan,Japan,JPN,MF,6.63,346,152,32576.29,267,295
339987,Mateo Kovacic,Croatia,CRO,MF,6.73,354,108,32503.08,268,293
395084,Hwang Inbeom,Korea Republic,KOR,MF,6.78,372,97,32488.04,269,286
401894,Jamiro Monteiro,Cabo Verde,CPV,MF,6.17,339,109,32481.15,270,314
441170,Ladislav Krejci,Czechia,CZE,DF,6.46,373,81,32407.75,271,301
430697,Jean Ricner Bellegarde,Haiti,HAI,MF,6.64,431,112,32370.02,272,292
430407,Daizen Maeda,Japan,JPN,MF,5.36,432,239,32326.01,273,271
430733,Mikel Merino,Spain,ESP,MF,7.66,568,142,32157.77,274,262
390181,Joe Bell,New Zealand,NZL,MF,7.04,472,112,32154.28,275,275
356731,Raul Jimenez,Mexico,MEX,FW,4.43,295,141,32083.35,276,348
431858,Rayan Ait Nouri,Algeria,ALG,DF,5.89,355,157,32073.2,277,315
433534,Nizar Alrashdan,Jordan,JOR,MF,6.62,407,103,31944.15,278,289
494248,Thalente Mbatha,South Africa,RSA,MF,6.41,446,145,31917.63,279,293
479389,Mohannad Abutaha,Jordan,JOR,MF,6.46,423,170,31861.4,280,296
418975,Thiago Almada,Argentina,ARG,FW,4.4,362,137,31810.05,281,267
385031,Amir Murillo,Panama,PAN,DF,6.27,332,156,31781.32,282,303
494626,Andreas Schjelderup,Norway,NOR,MF,6.44,384,137,31621.18,283,297
489603,Ali Nemati,IR Iran,IRN,DF,6.14,369,108,31613.92,284,309
448131,Ruben Vargas,Switzerland,SUI,FW,6.22,373,170,31605.36,285,314
405920,John Yeboah,Ecuador,ECU,FW,5.74,395,169,31500.85,286,330
464842,Lamine Camara,Senegal,SEN,MF,6.56,453,176,31487.71,287,287
355775,Jackson Irvine,Australia,AUS,MF,7.47,495,125,31483.15,288,255
479072,Merchas Doski,Iraq,IRQ,DF,6.21,307,128,31441.23,289,303
494531,Orlando Gill,Paraguay,PAR,GK,3.4,49,5,31439.42,290,554
463283,Romano Schmid,Austria,AUT,MF,6.71,439,161,31408.46,291,283
486317,Guela Doue,Côte d'Ivoire,CIV,DF,6.19,353,132,31331.08,292,311
433378,Hannibal Mejbri,Tunisia,TUN,MF,6.27,368,102,31221.09,293,298
274078,Chris Wood,New Zealand,NZL,FW,6.11,333,144,31195.3,294,306
411226,Djibril Sow,Switzerland,SUI,MF,4.57,421,147,31183.47,295,276
423874,Lee Hanbeom,Korea Republic,KOR,DF,6.23,365,107,31151.94,296,300
507253,Kwasi Sibo,Ghana,GHA,MF,6.63,447,96,31122.82,297,282
395516,Cesar Montes,Mexico,MEX,DF,5.3,267,84,31113.19,298,349
520039,Marvin Senaya,Ghana,GHA,DF,5.77,285,171,31108.53,299,312
379942,Riyad Mahrez,Algeria,ALG,FW,6.48,382,130,31107.72,300,288
477827,Deroy Duarte,Cabo Verde,CPV,MF,6.26,323,73,31052.7,301,300
369089,Thomas Partey,Ghana,GHA,MF,4.54,359,77,31028.86,302,307
403616,Teboho Mokoena,South Africa,RSA,MF,6.15,423,121,30982.52,303,301
477832,Sidny Lopes Cabral,Cabo Verde,CPV,DF,5.79,257,117,30954.32,304,324
463580,Finn Surman,New Zealand,NZL,DF,6.05,310,103,30931.08,305,306
389437,Ehsan Haddad,Jordan,JOR,DF,6.44,384,118,30918.71,306,287
492315,Lee Gihyuk,Korea Republic,KOR,MF,6.18,388,125,30898.48,307,300
400416,Edgar Yoel Barcenas,Panama,PAN,MF,6.75,426,101,30790.0,308,272
448497,Mohammad Mohebbi,IR Iran,IRN,MF,6.83,470,170,30775.81,309,271
418715,Jose Cordoba,Panama,PAN,DF,6.07,315,114,30753.8,310,303
419223,Oswin Appollis,South Africa,RSA,FW,6.39,405,182,30714.27,311,287
433361,Anis Slimane,Tunisia,TUN,MF,7.16,408,123,30657.94,312,257
483966,Benjamin Tahirovic,Bosnia and Herzegovina,BIH,MF,6.92,429,116,30616.63,313,266
482976,Amar Dedic,Bosnia and Herzegovina,BIH,DF,4.44,356,141,30604.3,314,310
489732,Noni Madueke,England,ENG,FW,3.66,335,147,30578.18,315,315
429608,Seol Youngwoo,Korea Republic,KOR,DF,6.66,309,155,30578.14,316,274
433074,Amir Alammari,Iraq,IRQ,MF,6.6,383,104,30575.01,317,279
430147,Jack Hendry,Scotland,SCO,DF,5.98,349,123,30532.32,318,306
484082,Abdulkerim Bardakci,Türkiye,TUR,DF,6.08,258,93,30419.01,319,300
388475,Mehdi Taremi,IR Iran,IRN,FW,6.23,345,156,30405.34,320,293
441240,Andres Andrade,Panama,PAN,DF,6.0,322,117,30384.6,321,303
419108,Sebastian Caceres,Uruguay,URU,DF,5.81,303,98,30359.66,322,313
520036,Paul Wanner,Austria,AUT,MF,6.64,392,115,30227.02,323,270
385475,Eldor Shomurodov,Uzbekistan,UZB,FW,5.96,274,149,30198.42,324,304
448363,Hannes Delcroix,Haiti,HAI,DF,5.87,298,89,30006.24,325,306
433380,Montassar Talbi,Tunisia,TUN,DF,6.02,275,77,29945.79,326,298
433362,Ali Abdi,Tunisia,TUN,DF,6.13,343,150,29932.97,327,293
477825,Odilon Kossounou,Côte d'Ivoire,CIV,DF,5.86,287,79,29901.79,328,316
466350,Sherel Floranus,Curaçao,CUW,DF,5.97,320,116,29893.73,329,300
371348,Otabek Shukurov,Uzbekistan,UZB,MF,6.72,378,85,29888.17,330,268
310116,Nicolas Otamendi,Argentina,ARG,DF,5.07,336,89,29858.94,331,308
358106,Thibaut Courtois,Belgium,BEL,GK,2.88,55,13,29790.48,332,625
419281,Saud Abdulhamid,Saudi Arabia,KSA,DF,5.93,324,150,29778.02,333,300
494625,Marcus Holmgren Pedersen,Norway,NOR,DF,4.34,322,137,29767.17,334,273
408042,Theo Hernandez,France,FRA,DF,3.88,288,134,29720.25,335,296
407343,Ghislain Konan,Côte d'Ivoire,CIV,DF,4.39,323,120,29623.54,336,303
316002,David Alaba,Austria,AUT,DF,5.93,297,70,29617.98,337,302
395581,Cristian Martinez,Panama,PAN,MF,6.73,319,147,29553.99,338,264
373400,Enner Valencia,Ecuador,ECU,FW,5.71,233,108,29489.89,339,311
430671,Ismail Jakobs,Senegal,SEN,DF,5.11,384,141,29465.19,340,257
466340,Leandro Bacuna,Curaçao,CUW,MF,5.88,315,88,29455.81,341,300
339745,Salem Aldawsari,Saudi Arabia,KSA,FW,6.36,400,160,29452.07,342,276
390267,Christian Pulisic,USA,USA,FW,5.62,380,137,29436.84,343,253
486080,Robin Hranac,Czechia,CZE,DF,5.86,311,94,29418.45,344,301
416906,Mostafa Shoubir,Egypt,EGY,GK,3.23,60,14,29414.93,345,546
431788,Pape Gueye,Senegal,SEN,MF,6.87,356,114,29411.07,346,257
486150,Jerome Opoku,Ghana,GHA,DF,4.21,230,74,29365.82,347,313
486929,Tani Oluwaseyi,Canada,CAN,FW,6.11,350,172,29357.02,348,288
411658,Ellyes Skhiri,Tunisia,TUN,MF,6.61,286,59,29334.81,349,267
419189,Yan Valery,Tunisia,TUN,DF,6.39,296,130,29256.28,350,274
477470,Oscar Bobb,Norway,NOR,MF,6.43,334,136,29207.95,351,279
512791,Issa Laye,Qatar,QAT,DF,5.61,338,88,29038.33,352,310
448174,Marin Pongracic,Croatia,CRO,DF,4.19,280,102,28983.18,353,311
275917,Ricardo Ade,Haiti,HAI,DF,5.64,310,95,28826.94,354,306
346743,Shoja Khalilzadeh,IR Iran,IRN,DF,5.59,255,78,28814.55,355,309
494989,Livano Comenencia,Curaçao,CUW,MF,6.88,342,117,28808.06,356,253
379955,Antonio Ruediger,Germany,GER,DF,5.87,258,72,28802.14,357,300
401470,Marcus Rashford,England,ENG,FW,5.18,285,147,28790.24,358,258
484022,Tarik Muharemovic,Bosnia and Herzegovina,BIH,DF,5.92,279,78,28776.65,359,292
466317,Juninho Bacuna,Curaçao,CUW,MF,6.17,305,142,28744.95,360,280
464566,Esmir Bajraktarevic,Bosnia and Herzegovina,BIH,FW,6.49,318,145,28616.79,361,262
385531,Xaver Schlager,Austria,AUT,MF,6.62,371,91,28614.03,362,265
400634,Edson Alvarez,Mexico,MEX,DF,4.8,342,104,28527.89,363,278
486268,Emmanuel Agbadou,Côte d'Ivoire,CIV,DF,4.16,250,72,28516.79,364,308
401334,John Mcginn,Scotland,SCO,MF,6.15,331,98,28477.11,365,277
418490,Lee Kangin,Korea Republic,KOR,MF,5.68,264,69,28433.53,366,300
419291,Feras Albrikan,Saudi Arabia,KSA,FW,6.49,328,123,28286.37,367,262
431225,Yazan Alarab,Jordan,JOR,DF,5.49,258,78,28270.79,368,309
402876,Agustin Canobbio,Uruguay,URU,MF,6.44,348,162,28186.33,369,261
390475,Sphephelo Sithole,South Africa,RSA,MF,6.6,463,119,28152.2,370,252
331732,Maxime Crepeau,Canada,CAN,GK,3.3,90,16,28143.54,371,511
499912,Sebastian Berhalter,USA,USA,MF,7.36,443,111,28137.58,372,231
418795,Nicolas Jackson,Senegal,SEN,FW,6.12,304,154,28133.46,373,271
481183,Akam Hashim,Iraq,IRQ,DF,5.56,270,79,28097.87,374,303
489518,Crysencio Summerville,Netherlands,NED,FW,6.16,285,131,28089.07,375,282
403319,Nasser Aldawsari,Saudi Arabia,KSA,MF,7.14,499,150,28038.3,376,230
356956,Yassine Bounou,Morocco,MAR,GK,2.6,38,5,28036.99,377,650
466687,Ali Ahmed,Canada,CAN,FW,5.24,341,172,27940.35,378,258
464924,Abdukodir Khusanov,Uzbekistan,UZB,DF,5.37,218,93,27912.88,379,311
419082,Ricardo Pepi,USA,USA,FW,7.21,366,148,27870.91,380,247
405877,Amine Gouiri,Algeria,ALG,FW,6.17,355,131,27787.87,381,270
419100,Maxi Araujo,Uruguay,URU,MF,5.96,308,129,27642.83,382,278
433585,Ibrahim Bayesh,Iraq,IRQ,MF,6.37,331,112,27586.07,383,259
411726,Lucas Paqueta,Brazil,BRA,MF,5.17,335,123,27561.36,384,255
479106,Akmal Mozgovoy,Uzbekistan,UZB,MF,6.81,361,94,27540.59,385,243
389784,Alan Franco,Ecuador,ECU,MF,6.1,307,134,27468.83,386,270
494640,Amar Memic,Bosnia and Herzegovina,BIH,MF,6.46,306,152,27462.49,387,254
390209,Sarpreet Singh,New Zealand,NZL,MF,7.24,381,118,27406.52,388,227
448140,Micky Van De Ven,Netherlands,NED,DF,4.22,245,92,27342.03,389,291
485347,Tahith Chong,Curaçao,CUW,MF,6.14,293,107,27318.08,390,267
486306,Nestory Irankunda,Australia,AUS,FW,5.66,263,129,27279.0,391,285
448346,Arthur Theate,Belgium,BEL,DF,3.15,249,82,27207.18,392,268
358122,Thomas Meunier,Belgium,BEL,DF,3.58,363,157,27147.57,393,226
463234,Thapelo Maseko,South Africa,RSA,FW,4.77,299,159,27093.85,394,255
429095,Hamdy Fathy,Egypt,EGY,MF,4.96,328,96,27077.98,395,260
371415,Rustam Ashurmatov,Uzbekistan,UZB,DF,5.62,288,80,27011.42,396,288
464103,Ange Yoan Bonny,Côte d'Ivoire,CIV,FW,6.23,314,113,26951.82,397,258
433527,Abdallah Nasib,Jordan,JOR,DF,5.62,269,86,26869.89,398,287
349342,Aziz Behich,Australia,AUS,DF,5.04,341,105,26853.33,399,245
395088,Kim Minjae,Korea Republic,KOR,DF,5.97,264,91,26815.14,400,268
511141,Armando Obispo,Curaçao,CUW,DF,5.34,189,65,26713.78,401,300
308370,Alisson,Brazil,BRA,GK,3.07,16,2,26656.8,402,520
494458,Ngalayel Mukau,Congo DR,COD,MF,7.25,383,105,26619.43,403,220
405881,Maxence Lacroix,France,FRA,DF,2.18,280,93,26505.73,404,276
416051,Pedro Miguel,Qatar,QAT,DF,5.13,229,76,26501.54,405,310
405469,Liberato Cacace,New Zealand,NZL,DF,6.67,350,111,26344.8,406,237
402926,Gonzalo Montiel,Argentina,ARG,DF,4.96,330,106,26323.98,407,241
483496,Julian Ryerson,Norway,NOR,FW,4.34,285,91,26275.25,408,248
494351,Jonas Adjetey,Ghana,GHA,DF,4.59,260,87,26258.63,409,257
411644,Saman Ghoddos,IR Iran,IRN,MF,6.9,338,99,26206.79,410,228
372436,Ivan Sunjic,Bosnia and Herzegovina,BIH,MF,7.03,401,113,26105.55,411,221
390537,Milad Mohammadi,IR Iran,IRN,DF,6.7,299,142,26000.62,412,235
498421,Paul Okon Engstler,Australia,AUS,MF,7.39,365,108,25987.7,413,214
402884,Federico Valverde,Uruguay,URU,MF,5.78,228,99,25916.6,414,272
411176,Jose Luis Rodriguez,Panama,PAN,MF,6.2,305,109,25899.78,415,251
476348,Damian Bobadilla,Paraguay,PAR,MF,6.04,336,98,25835.61,416,216
485070,Raul Rangel,Mexico,MEX,GK,3.14,71,12,25833.63,417,494
500037,Gilberto Mora,Mexico,MEX,MF,5.16,370,125,25800.25,418,236
405263,Kevin Danso,Austria,AUT,DF,5.48,266,95,25685.71,419,284
228912,Manuel Neuer,Germany,GER,GK,3.47,82,19,25681.69,420,442
473113,Eberechi Eze,England,ENG,MF,3.94,325,106,25575.26,421,247
506471,Deveron Fonville,Curaçao,CUW,DF,5.89,239,132,25516.75,422,260
407993,Mohamed Kanno,Saudi Arabia,KSA,MF,5.97,287,88,25496.47,423,256
430917,Evidence Makgopa,South Africa,RSA,FW,6.21,319,106,25410.78,424,241
385067,Boualem Khoukhi,Qatar,QAT,DF,4.92,226,62,25410.03,425,310
401339,Andy Robertson,Scotland,SCO,DF,5.92,246,107,25387.97,426,255
486875,Gustavo Velazquez,Paraguay,PAR,DF,5.35,197,66,25381.16,427,293
433426,Soufiane Rahimi,Morocco,MAR,FW,7.27,317,137,25328.44,428,215
464933,Abbosbek Fayzullaev,Uzbekistan,UZB,MF,6.32,341,141,25301.81,429,240
402261,Nicolas Pepe,Côte d'Ivoire,CIV,FW,6.05,289,154,25237.91,430,255
403312,Abdulelah Alamri,Saudi Arabia,KSA,DF,5.67,252,89,25207.74,431,268
484112,Kenan Yildiz,Türkiye,TUR,FW,6.05,236,78,25197.64,432,249
448312,Nilson Angulo,Ecuador,ECU,FW,6.36,274,136,25147.24,433,240
502945,Alexander Bernhardsson,Sweden,SWE,DF,4.85,268,90,25109.78,434,233
419134,Juan Manuel Sanabria,Uruguay,URU,MF,6.35,320,129,25094.45,435,237
331463,Tim Payne,New Zealand,NZL,DF,6.23,309,105,25040.85,436,241
441261,Israel Reyes,Mexico,MEX,DF,5.16,272,65,24823.63,437,237
390541,Shogo Taniguchi,Japan,JPN,DF,4.15,189,56,24756.98,438,267
464533,Brian Gutierrez,Mexico,MEX,MF,5.15,334,112,24453.57,439,226
395321,Junya Ito,Japan,JPN,MF,5.88,233,108,24421.93,440,242
502727,Johan Manzambi,Switzerland,SUI,MF,4.4,345,113,24380.51,441,220
441137,Anthony Elanga,Sweden,SWE,FW,5.94,211,118,24265.7,442,247
514208,Christ Inao Oulai,Côte d'Ivoire,CIV,MF,6.06,261,70,24246.36,443,240
434026,Zidane Iqbal,Iraq,IRQ,MF,6.85,352,61,24227.99,444,210
433668,Michal Sadilek,Czechia,CZE,MF,7.16,385,125,24212.55,445,204
499913,Matt Freese,USA,USA,GK,2.76,26,6,24114.67,446,419
485664,Ruben Providence,Haiti,HAI,FW,6.09,312,115,24005.38,447,237
369304,Hakan Calhanoglu,Türkiye,TUR,MF,4.59,319,72,24004.04,448,208
402817,Paik Seungho,Korea Republic,KOR,MF,6.66,269,63,23909.61,449,216
429063,Edmilson Junior,Qatar,QAT,FW,6.21,290,97,23874.51,450,228
489689,Lucas Bergvall,Sweden,SWE,MF,6.93,283,89,23862.93,451,207
494293,Chemsdine Talbi,Morocco,MAR,MF,5.75,280,128,23817.14,452,217
403001,Diogo Costa,Portugal,POR,GK,2.76,40,8,23794.16,453,518
407680,Juergen Locadia,Curaçao,CUW,FW,5.71,227,92,23793.05,454,250
418535,Joao Felix,Portugal,POR,FW,3.94,276,94,23784.61,455,218
358112,Romelu Lukaku,Belgium,BEL,FW,5.47,227,79,23691.79,456,279
423941,Nathan Saliba,Canada,CAN,MF,4.12,386,122,23647.54,457,206
485595,Giuliano Simeone,Argentina,ARG,FW,2.45,296,114,23625.58,458,217
411624,Abdullah Alkhaibari,Saudi Arabia,KSA,MF,7.08,345,76,23607.42,459,203
463465,Joel Ordonez,Ecuador,ECU,DF,4.18,227,82,23576.79,460,253
386347,Akram Afif,Qatar,QAT,FW,5.2,194,104,23536.07,461,269
400514,Ao Tanaka,Japan,JPN,MF,4.57,285,67,23492.09,462,225
486161,Relebohile Mofokeng,South Africa,RSA,FW,5.73,341,100,23444.92,463,184
363863,Trezeguet,Egypt,EGY,FW,5.53,331,136,23437.67,464,204
371739,Alexander Schlager,Austria,AUT,GK,3.4,81,20,23367.49,465,412
483526,Tijjani Reijnders,Netherlands,NED,MF,4.97,286,95,23300.38,466,211
504931,Lucas Herrington,Australia,AUS,DF,2.98,210,41,23286.35,467,232
360642,Camilo Vargas,Colombia,COL,GK,2.57,27,9,23127.14,468,541
431211,Mousa Altamari,Jordan,JOR,FW,6.07,243,120,23119.95,469,230
482782,Dailon Livramento,Cabo Verde,CPV,FW,5.22,237,100,23067.28,470,198
486082,Pavel Sulc,Czechia,CZE,FW,6.65,338,102,22856.82,471,209
401481,Patrik Schick,Czechia,CZE,FW,6.81,251,76,22836.75,472,199
482978,Nikola Vasilj,Bosnia and Herzegovina,BIH,GK,3.31,34,7,22744.03,473,411
403335,Hassan Altambakti,Saudi Arabia,KSA,DF,5.62,252,67,22701.97,474,237
405879,Wilson Isidor,Haiti,HAI,FW,6.78,287,110,22699.6,475,201
436628,Ali Alhamadi,Iraq,IRQ,FW,6.76,258,112,22671.28,476,201
356412,Silvan Widmer,Switzerland,SUI,DF,5.55,290,97,22662.91,477,210
424071,Anass Salah Eddine,Morocco,MAR,DF,3.78,201,77,22567.1,478,240
424051,Brian Brobbey,Netherlands,NED,FW,5.72,226,77,22528.72,479,245
419303,Moteb Alharbi,Saudi Arabia,KSA,DF,6.75,235,107,22511.24,480,213
483312,Isak Hien,Sweden,SWE,DF,4.32,173,69,22458.49,481,237
495046,Mauricio,Paraguay,PAR,MF,5.19,321,110,22291.21,482,208
382739,Marcos Llorente,Spain,ESP,DF,2.42,218,94,22236.39,483,217
261367,Michael Boxall,New Zealand,NZL,DF,5.59,181,75,22180.78,484,237
482974,Ivan Basic,Bosnia and Herzegovina,BIH,MF,4.87,270,63,22053.62,485,200
425607,Mohamed Amine Ben Hmida,Tunisia,TUN,DF,5.95,167,70,22028.58,486,221
409191,Nikola Vlasic,Croatia,CRO,MF,5.15,263,96,22011.41,487,204
430822,Amad Diallo,Côte d'Ivoire,CIV,FW,6.15,270,104,21888.37,488,211
464865,El Hadji Malick Diouf,Senegal,SEN,DF,4.77,268,97,21779.39,489,202
424081,Bart Verbruggen,Netherlands,NED,GK,2.99,35,6,21588.04,490,432
479075,Sherzod Nasrullaev,Uzbekistan,UZB,DF,6.23,232,95,21551.92,491,206
480966,Laros Duarte,Cabo Verde,CPV,MF,6.95,252,66,21530.22,492,187
336425,Cedric Bakambu,Congo DR,COD,FW,4.6,256,117,21517.52,493,210
448825,Pathe Ciss,Senegal,SEN,MF,6.06,190,63,21513.7,494,232
364752,Vozinha,Cabo Verde,CPV,GK,2.89,44,9,21320.84,495,445
466585,Moise Bombito,Canada,CAN,DF,3.44,212,72,21226.71,496,221
441179,Merih Demiral,Türkiye,TUR,DF,4.05,153,57,21211.19,497,208
484139,Baris Alper Yilmaz,Türkiye,TUR,FW,6.43,228,106,21165.94,498,200
430698,Houssem Aouar,Algeria,ALG,MF,5.03,253,83,21136.93,499,191
441623,Manuel Ugarte,Uruguay,URU,MF,6.4,239,72,21107.39,500,197
484045,Lawrence Shankland,Scotland,SCO,FW,4.59,258,70,21051.5,501,183
433147,Michel Aebischer,Switzerland,SUI,MF,4.86,321,117,21047.55,502,176
433694,Nathan Patterson,Scotland,SCO,DF,6.3,203,86,21036.01,503,204
403289,Takehiro Tomiyasu,Japan,JPN,DF,4.81,202,53,21029.22,504,208
430450,Jacob Italiano,Australia,AUS,DF,3.45,279,121,20985.37,505,183
510757,Josue Casimir,Haiti,HAI,FW,6.05,246,113,20980.8,506,208
436537,Musab Aljuwayr,Saudi Arabia,KSA,MF,7.55,326,85,20967.44,507,167
390196,Callum Mccowatt,New Zealand,NZL,MF,7.24,334,110,20963.57,508,173
485131,Ben Gannon Doak,Scotland,SCO,FW,6.19,200,96,20888.71,509,204
372243,Philipp Lienhart,Austria,AUT,DF,3.03,212,58,20886.37,510,207
431861,Rayan Cherki,France,FRA,MF,6.55,300,105,20751.4,511,169
395986,Ronwen Williams,South Africa,RSA,GK,3.09,36,7,20708.63,512,402
448015,Cristian Volpato,Australia,AUS,FW,5.16,322,94,20702.13,513,180
463809,Jarell Quansah,England,ENG,DF,2.96,220,86,20672.41,514,208
475260,Behruzjon Karimov,Uzbekistan,UZB,DF,4.08,233,107,20671.11,515,203
390670,Cyle Larin,Canada,CAN,FW,4.5,216,96,20615.07,516,224
433161,Edo Kayembe,Congo DR,COD,MF,5.34,297,86,20579.44,517,177
519958,Elliot Stroud,Sweden,SWE,DF,6.96,251,94,20520.74,518,183
433367,Omar Rekik,Tunisia,TUN,DF,4.08,199,66,20477.26,519,200
405530,Zion Suzuki,Japan,JPN,GK,3.02,38,5,20433.26,520,405
407022,Karim Hafez,Egypt,EGY,DF,4.13,252,76,20427.22,521,198
448377,Dodi Lukebakio,Belgium,BEL,FW,3.16,232,101,20237.33,522,194
477536,Federico Vinas,Uruguay,URU,FW,5.73,195,102,20225.71,523,211
401131,Michael Gregoritsch,Austria,AUT,FW,4.45,213,86,20132.08,524,207
489521,Stjepan Radeljic,Bosnia and Herzegovina,BIH,DF,2.86,186,63,20111.1,525,211
405873,Yahia Fofana,Côte d'Ivoire,CIV,GK,2.93,16,5,19966.03,526,408
489550,Husam Abudahab,Jordan,JOR,DF,4.16,206,75,19848.59,527,190
300409,Edin Dzeko,Bosnia and Herzegovina,BIH,FW,4.56,201,57,19815.85,528,196
473050,Richard Rios,Colombia,COL,MF,6.79,290,111,19796.25,529,175
359634,Grant Hanley,Scotland,SCO,DF,3.88,173,45,19774.95,530,203
479042,Abdulla Abdullaev,Uzbekistan,UZB,DF,3.82,191,57,19761.96,531,206
523097,Alexandr Sojka,Czechia,CZE,MF,8.04,321,108,19628.07,532,155
484113,Ferdi Kadioglu,Türkiye,TUR,DF,4.36,218,101,19552.43,533,179
498806,Mohamed Toure,Australia,AUS,FW,4.76,217,79,19508.03,534,182
504329,Steve Kapuadi,Congo DR,COD,DF,2.9,211,60,19496.83,535,201
433754,Adam Hlozek,Czechia,CZE,FW,6.77,251,94,19420.45,536,172
485767,Redouane Halhal,Morocco,MAR,DF,1.86,154,62,19377.5,537,208
481242,Iqraam Rayners,South Africa,RSA,FW,6.68,193,108,19309.81,538,182
433118,Orkun Kokcu,Türkiye,TUR,MF,6.6,207,67,19220.02,539,172
411174,Jose Fajardo,Panama,PAN,FW,6.5,236,110,19207.38,540,176
419068,Giovanni Reyna,USA,USA,MF,8.06,315,71,19203.54,541,155
441259,Liam Millar,Canada,CAN,MF,3.93,243,114,19176.61,542,176
431781,Jean Kevin Duverne,Haiti,HAI,DF,4.12,209,82,19174.4,543,186
401023,Joshua Brenet,Curaçao,CUW,DF,3.96,191,97,19154.29,544,193
433072,Zeki Celik,Türkiye,TUR,DF,4.4,224,87,19112.83,545,173
494557,Patrick Beach,Australia,AUS,GK,2.62,23,5,19047.75,546,435
419126,Darwin Nunez,Uruguay,URU,FW,6.09,190,93,19040.35,547,182
502946,Benjamin Nygren,Sweden,SWE,MF,7.73,282,104,18972.62,548,149
441313,Lionel Mpasi,Congo DR,COD,GK,2.77,37,7,18909.7,549,409
433066,Donyell Malen,Netherlands,NED,FW,4.34,178,81,18907.07,550,197
396950,Mahmoud Almardi,Jordan,JOR,FW,7.38,328,87,18861.43,551,152
372266,Sofyan Amrabat,Morocco,MAR,MF,3.24,263,81,18860.83,552,175
424119,Nathanael Mbuku,Congo DR,COD,MF,5.33,243,74,18838.49,553,163
441341,Elisha Owusu,Ghana,GHA,MF,5.07,262,74,18829.07,554,166
448180,Josko Gvardiol,Croatia,CRO,DF,6.86,238,88,18796.01,555,177
405528,Yukinari Sugawara,Japan,JPN,DF,6.28,195,72,18767.61,556,181
463127,Gabriel Avalos,Paraguay,PAR,FW,5.35,185,69,18764.8,557,170
307849,Son Heungmin,Korea Republic,KOR,FW,6.14,169,96,18757.38,558,183
430070,Ante Budimir,Croatia,CRO,FW,4.99,180,94,18722.29,559,168
511875,Odeh Fakhoury,Jordan,JOR,FW,7.01,275,98,18713.27,560,163
336088,Nathan Ake,Netherlands,NED,DF,4.51,136,49,18580.35,561,189
336459,Rani Khedira,Tunisia,TUN,MF,7.49,218,49,18577.38,562,162
496358,Ibrahim Mbaye,Senegal,SEN,FW,5.55,191,104,18570.21,563,203
418550,Rafael Leao,Portugal,POR,FW,5.73,188,75,18513.49,564,203
480310,Jiovany Ramos,Panama,PAN,DF,3.98,205,63,18498.83,565,186
430597,Gabriel Martinelli,Brazil,BRA,FW,5.11,216,87,18477.89,566,171
419672,Leo Ostigard,Norway,NOR,DF,4.75,165,45,18419.78,567,184
441242,Cesar Blackman,Panama,PAN,DF,3.91,180,64,18333.59,568,187
433394,Ahmed Fathy,Qatar,QAT,MF,6.63,312,80,18273.99,569,163
486130,Habib Diarra,Senegal,SEN,MF,4.92,221,92,18234.36,570,168
430854,Wilfried Singo,Côte d'Ivoire,CIV,DF,2.88,173,65,18230.23,571,190
486081,Lukas Cerv,Czechia,CZE,MF,4.24,204,53,18226.25,572,172
479553,Hussein Ali,Iraq,IRQ,DF,4.18,179,71,18211.32,573,174
401893,Nuno Da Costa,Cabo Verde,CPV,MF,5.99,185,86,18105.97,574,180
520037,Derrick Luckassen,Ghana,GHA,DF,2.64,147,39,18059.74,575,205
397775,Carlens Arcus,Haiti,HAI,DF,6.07,247,86,18006.56,576,171
431693,Frantzdy Pierrot,Haiti,HAI,FW,5.98,210,61,17982.57,577,168
404885,Tomas Soucek,Czechia,CZE,MF,7.02,264,57,17938.82,578,152
463288,Phillip Mwene,Austria,AUT,DF,3.4,189,76,17929.88,579,160
485064,Niko Sigur,Canada,CAN,DF,4.53,265,75,17924.01,580,147
433724,Willy Semedo,Cabo Verde,CPV,MF,5.15,207,90,17802.43,581,156
510989,Brian Cipenga,Congo DR,COD,FW,3.34,210,112,17763.24,582,160
386387,Sultan Albrake,Qatar,QAT,DF,4.19,215,70,17683.33,583,167
485081,Francisco Conceicao,Portugal,POR,FW,5.18,201,87,17531.95,584,163
411301,Angus Gunn,Scotland,SCO,GK,3.43,29,6,17506.02,585,306
441167,Tomas Holes,Czechia,CZE,DF,4.11,203,58,17483.14,586,169
441350,Hicham Boudaoui,Algeria,ALG,MF,5.55,248,79,17473.1,587,143
484851,Deniz Undav,Germany,GER,FW,6.03,205,59,17404.37,588,174
520066,Jose Canale,Paraguay,PAR,DF,4.87,123,37,17328.15,589,198
369029,Dominik Livakovic,Croatia,CRO,GK,2.52,30,5,17297.82,590,413
431698,Jurien Gaari,Curaçao,CUW,DF,3.83,151,71,17250.25,591,180
433191,Che Adams,Scotland,SCO,FW,6.82,192,75,17234.99,592,160
512183,Mohammed Abu Alshamat,Saudi Arabia,KSA,DF,6.75,212,87,17130.45,593,153
419473,Jassem Gaber,Qatar,QAT,DF,6.14,232,55,17053.08,594,166
441236,Hernan Galindez,Ecuador,ECU,GK,2.51,25,3,17029.0,595,407
441258,Ismael Kone,Canada,CAN,MF,2.51,198,44,16975.03,596,160
484092,Ismail Yuksek,Türkiye,TUR,MF,4.43,156,43,16925.98,597,153
441135,Jesper Karlstrom,Sweden,SWE,MF,3.44,199,48,16846.98,598,147
441342,Abdul Fatawu,Ghana,GHA,FW,6.21,211,93,16816.62,599,163
434025,Zaid Tahseen,Iraq,IRQ,DF,4.12,179,49,16808.01,600,165
448149,Teun Koopmeiners,Netherlands,NED,MF,7.14,228,57,16774.64,601,145
447855,Nico Williams,Spain,ESP,FW,5.02,185,116,16643.75,602,159
395212,Nelson Semedo,Portugal,POR,DF,5.02,196,79,16630.4,603,164
433439,Ali Lajami,Saudi Arabia,KSA,DF,5.8,145,54,16522.11,604,177
484051,Kenny Mclean,Scotland,SCO,MF,7.3,188,56,16438.49,605,144
380005,Mario Pasalic,Croatia,CRO,MF,6.43,218,78,16317.24,606,158
484270,Zaid Ismael,Iraq,IRQ,MF,5.13,243,58,16240.49,607,126
479079,Khojiakbar Alijonov,Uzbekistan,UZB,DF,4.17,228,87,16085.82,608,155
339820,Kalidou Koulibaly,Senegal,SEN,DF,2.65,167,44,16073.86,609,181
395205,Bernardo Silva,Portugal,POR,MF,5.94,253,79,16062.63,610,133
484011,Lukas Provod,Czechia,CZE,MF,6.94,228,88,16011.22,611,137
419459,Mahmoud Abunada,Qatar,QAT,GK,3.1,20,2,16005.91,612,310
510991,Ayoub Aloui,Qatar,QAT,DF,3.76,170,55,15912.29,613,170
441181,Ugurcan Cakir,Türkiye,TUR,GK,3.03,55,10,15872.23,614,313
479086,Azizjon Ganiev,Uzbekistan,UZB,MF,4.49,216,96,15858.11,615,140
448411,Jacob Shaffelburg,Canada,CAN,MF,7.63,202,106,15826.53,616,126
433872,Raphinha,Brazil,BRA,FW,2.6,189,108,15809.52,617,143
356704,Juan Quintero,Colombia,COL,MF,5.25,185,45,15790.25,618,146
299200,Marko Arnautovic,Austria,AUT,FW,5.44,156,57,15762.88,619,173
464484,Ismael Gharbi,Tunisia,TUN,MF,6.44,185,65,15753.85,620,142
464457,Ali Jasim,Iraq,IRQ,FW,4.46,252,92,15703.59,621,144
274281,Kim Seunggyu,Korea Republic,KOR,GK,3.14,37,14,15687.05,622,300
390650,Eloy Room,Curaçao,CUW,GK,3.12,15,1,15611.7,623,300
441166,Jaroslav Zeleny,Czechia,CZE,DF,4.33,162,69,15481.55,624,142
482885,Elias Saad,Tunisia,TUN,FW,4.99,199,86,15480.51,625,124
523236,Ahmed Qasem,Iraq,IRQ,FW,6.29,215,78,15459.21,626,135
430667,Nico Schlotterbeck,Germany,GER,DF,3.07,158,40,15443.46,627,152
433679,Ramiz Zerrouki,Algeria,ALG,MF,5.59,201,54,15442.6,628,126
424106,Haissem Hassan,Egypt,EGY,FW,2.64,184,62,15396.81,629,138
441188,Kerem Akturkoglu,Türkiye,TUR,FW,4.21,147,73,15234.03,630,143
448310,Kevin Rodriguez,Ecuador,ECU,FW,6.3,187,89,15137.76,631,146
430120,Mert Muldur,Türkiye,TUR,DF,7.5,145,57,15133.29,632,132
441241,Orlando Mosquera,Panama,PAN,GK,2.98,31,11,15112.23,633,303
416576,Alvaro Fidalgo,Mexico,MEX,MF,4.72,232,87,15056.33,634,117
464055,Malo Gusto,France,FRA,DF,4.17,166,78,15037.97,635,143
382312,Cameron Burgess,Australia,AUS,DF,2.9,147,33,15035.64,636,152
448586,Oh Hyeongyu,Korea Republic,KOR,FW,6.26,158,64,15016.21,637,145
448523,Kamaldeen Sulemana,Ghana,GHA,FW,3.32,172,75,14795.98,638,136
390534,Hossein Kanani,IR Iran,IRN,DF,3.94,123,27,14749.2,639,154
386348,Assim Madibo,Qatar,QAT,MF,6.04,208,30,14695.95,640,140
448815,Iliman Ndiaye,Senegal,SEN,FW,5.17,188,74,14673.13,641,134
505097,Samir El Mourabet,Morocco,MAR,MF,6.31,216,85,14604.02,642,121
390525,Lee Jaesung,Korea Republic,KOR,MF,4.63,205,85,14542.7,643,125
484065,Eren Elmali,Türkiye,TUR,DF,4.45,135,60,14528.21,644,134
463236,Jayden Adams,South Africa,RSA,MF,5.27,181,57,14495.71,645,130
484012,Matej Kovar,Czechia,CZE,GK,2.86,19,2,14358.61,646,301
477856,Jovane Cabral,Cabo Verde,CPV,MF,2.92,190,61,14327.66,647,148
430097,Ryan Christie,Scotland,SCO,MF,7.62,208,53,14260.28,648,114
483549,Warren Zaire Emery,France,FRA,MF,1.69,182,63,14041.34,649,128
402974,Angelo Preciado,Ecuador,ECU,DF,6.31,144,61,14040.86,650,137
463746,Endrick,Brazil,BRA,FW,4.67,103,57,13958.58,651,146
477849,Helio Varela,Cabo Verde,CPV,MF,4.81,179,68,13847.35,652,130
430657,David Raum,Germany,GER,DF,3.53,198,85,13697.63,653,123
482869,Jaouen Hadjam,Algeria,ALG,DF,5.14,158,77,13663.53,654,125
419441,Homam Ahmed,Qatar,QAT,DF,5.86,157,57,13626.23,655,134
371393,Dostonbek Khamdamov,Uzbekistan,UZB,MF,4.48,184,63,13625.49,656,120
397894,Yazeed Abulaila,Jordan,JOR,GK,2.64,9,2,13586.57,657,309
448364,Amadou Onana,Belgium,BEL,MF,4.31,146,44,13465.81,658,127
400511,Kou Itakura,Japan,JPN,DF,2.86,116,34,13382.22,659,138
389879,Luca Zidane,Algeria,ALG,GK,1.99,42,13,13382.13,660,302
380007,Alireza Beiranvand,IR Iran,IRN,GK,2.59,19,0,13335.74,661,309
423880,Lee Taeseok,Korea Republic,KOR,DF,4.44,151,68,13302.6,662,120
481027,Louicius Deedson,Haiti,HAI,FW,5.91,145,67,13276.69,663,129
389754,Petar Musa,Croatia,CRO,FW,3.35,160,61,13217.92,664,119
389907,Salih Ozcan,Türkiye,TUR,MF,4.65,168,60,13200.62,665,120
482775,Tyler Bindon,New Zealand,NZL,DF,7.1,152,48,13159.9,666,120
354861,Karim Boudiaf,Qatar,QAT,MF,4.59,205,30,13129.49,667,114
491255,Daniel Svensson,Sweden,SWE,DF,5.41,149,63,13088.54,668,114
368535,Max Crocombe,New Zealand,NZL,GK,2.56,19,2,13059.58,669,306
464133,Elye Wahi,Côte d'Ivoire,CIV,FW,4.51,154,63,13009.5,670,127
336641,Ryan Thomas,New Zealand,NZL,MF,7.4,216,78,13002.61,671,103
482931,Marco Pasalic,Croatia,CRO,FW,5.44,142,82,12958.46,672,114
395083,Hwang Heechan,Korea Republic,KOR,MF,6.27,144,62,12925.63,673,123
485676,Lenny Joseph,Haiti,HAI,FW,5.97,120,60,12922.53,674,134
295922,Johny Placide,Haiti,HAI,GK,2.51,16,4,12868.53,675,306
411376,Inaki Williams,Ghana,GHA,FW,2.75,117,64,12856.69,676,140
390272,Auston Trusty,USA,USA,DF,2.43,145,44,12844.54,677,123
396885,Mohammed Alowais,Saudi Arabia,KSA,GK,2.51,15,1,12844.17,678,306
485068,Igor Matanovic,Croatia,CRO,FW,4.63,164,73,12766.79,679,125
395186,Aymen Hussein,Iraq,IRQ,FW,3.97,126,54,12557.87,680,128
448821,Mory Diaw,Senegal,SEN,GK,2.0,15,4,12541.47,681,287
379953,Leon Goretzka,Germany,GER,MF,5.06,140,49,12494.96,682,122
482670,Mohammad Ghorbani,IR Iran,IRN,MF,2.39,191,53,12481.86,683,104
477855,Joao Paulo,Cabo Verde,CPV,MF,3.17,122,58,12421.69,684,121
485804,Gustavo Caballero,Paraguay,PAR,MF,2.52,169,57,12413.4,685,117
402934,Marcos Senesi,Argentina,ARG,DF,1.52,118,33,12320.25,686,126
482874,Anis Hadj Moussa,Algeria,ALG,FW,4.9,151,60,12312.89,687,114
401712,Kieran Tierney,Scotland,SCO,DF,4.26,119,65,12307.0,688,115
419463,Yusuf Abdurisag,Qatar,QAT,FW,4.62,176,66,12292.36,689,105
481180,Shahriyar Moghanloo,IR Iran,IRN,FW,7.1,168,47,12254.16,690,108
433092,Alexis Saelemaekers,Belgium,BEL,MF,5.01,141,64,12229.42,691,107
423575,Ben Old,New Zealand,NZL,MF,6.37,160,74,12151.2,692,112
402898,Nicolas De La Cruz,Uruguay,URU,MF,6.33,174,65,12114.61,693,115
493221,Miro Muheim,Switzerland,SUI,DF,3.23,150,44,12070.06,694,115
448525,Ernest Nuamah,Ghana,GHA,FW,4.98,148,60,12051.38,695,109
436599,Miles Robinson,USA,USA,DF,1.36,134,43,11909.05,696,104
385248,Florian Grillitsch,Austria,AUT,MF,3.44,142,41,11799.4,697,102
419662,Jorgen Strand Larsen,Norway,NOR,FW,2.08,120,47,11703.54,698,117
405175,Seko Fofana,Côte d'Ivoire,CIV,MF,3.37,168,54,11627.71,699,103
463800,Carney Chukwuemeka,Austria,AUT,MF,4.93,160,58,11569.81,700,108
448112,Zeki Amdouni,Switzerland,SUI,FW,4.68,125,40,11529.29,701,101
288961,Ehsan Hajisafi,IR Iran,IRN,DF,4.41,134,48,11464.24,702,104
464906,Jakhongir Urozov,Uzbekistan,UZB,DF,4.19,125,39,11462.91,703,112
404319,Ajdin Hrustic,Australia,AUS,FW,3.74,183,58,11460.39,704,90
423700,Joe Scally,USA,USA,DF,2.63,164,53,11427.62,705,100
419077,Mark Mckenzie,USA,USA,DF,1.3,148,50,11338.0,706,104
505112,Gessime Yassine,Morocco,MAR,MF,3.33,121,43,11281.33,707,101
494627,Thelo Aasgaard,Norway,NOR,MF,1.11,127,39,11184.96,708,100
430759,Santiago Gimenez,Mexico,MEX,FW,4.86,140,40,11184.38,709,117
482783,Wagner Pina,Cabo Verde,CPV,DF,1.68,134,74,11150.18,710,99
504502,Sebastian Tounekti,Tunisia,TUN,MF,7.03,146,55,11128.49,711,98
229498,Fernando Muslera,Uruguay,URU,GK,2.5,22,7,11069.12,712,261
389782,Pervis Estupinan,Ecuador,ECU,DF,3.31,144,70,11017.23,713,100
489523,Armin Gigovic,Bosnia and Herzegovina,BIH,MF,3.43,142,62,10900.97,714,95
514334,Stepan Chaloupek,Czechia,CZE,DF,2.18,141,46,10873.66,715,99
494349,Benjamin Asare,Ghana,GHA,GK,1.85,8,2,10835.06,716,259
406304,Timothy Weah,USA,USA,FW,2.9,167,75,10834.46,717,90
406231,Yunus Akgun,Türkiye,TUR,FW,4.11,101,52,10803.37,718,103
419302,Abdullah Alhamddan,Saudi Arabia,KSA,FW,7.86,170,70,10726.97,719,88
447866,Gavi,Spain,ESP,MF,1.92,122,45,10707.89,720,85
486260,Christopher Operi,Côte d'Ivoire,CIV,DF,1.6,142,55,10698.42,721,100
522846,Ermin Mahmic,Bosnia and Herzegovina,BIH,MF,5.34,155,57,10657.09,722,88
405755,Jaminton Campaz,Colombia,COL,FW,4.05,143,67,10645.86,723,98
430518,Nawaf Bu Washl,Saudi Arabia,KSA,DF,4.31,105,56,10603.72,724,104
506202,Bazoumana Toure,Côte d'Ivoire,CIV,FW,4.99,131,53,10594.52,725,94
489685,Jacob Widell Zetterstrom,Sweden,SWE,GK,1.58,17,8,10559.21,726,200
483936,David Doudera,Czechia,CZE,DF,2.09,114,34,10486.58,727,100
406249,Ozan Kabak,Türkiye,TUR,DF,1.98,100,33,10366.33,728,104
424047,Jeremy Antonisse,Curaçao,CUW,FW,4.85,145,55,10361.23,729,85
418798,Pape Matar Sarr,Senegal,SEN,MF,3.29,157,44,10328.88,730,94
371345,Odiljon Xamrobekov,Uzbekistan,UZB,MF,4.55,161,39,10324.03,731,90
486076,Oguz Aydin,Türkiye,TUR,FW,2.13,103,55,10321.84,732,97
436863,Frans Putros,Iraq,IRQ,DF,1.95,106,32,10283.22,733,105
448120,Ardon Jashari,Switzerland,SUI,MF,3.45,158,53,10276.82,734,87
419055,Brenden Aaronson,USA,USA,FW,1.5,127,70,10271.7,735,82
492358,Tomas Araujo,Portugal,POR,DF,1.22,113,39,10213.3,736,100
498458,Mohamed Manai,Qatar,QAT,FW,6.99,153,43,10166.36,737,91
373344,Garry Rodrigues,Cabo Verde,CPV,MF,3.53,123,50,10160.29,738,90
448505,Saleh Hardani,IR Iran,IRN,DF,3.78,105,37,10101.64,739,107
394376,Deiver Machado,Colombia,COL,DF,1.22,117,56,10069.09,740,99
336472,Andrej Kramaric,Croatia,CRO,FW,5.44,163,50,10055.36,741,81
461177,Obed Vargas,Mexico,MEX,MF,4.22,181,47,10044.8,742,85
494374,Hazem Mastouri,Tunisia,TUN,FW,2.17,106,39,10041.14,743,92
389485,Exequiel Palacios,Argentina,ARG,MF,0.75,113,37,10029.01,744,100
477862,Gilson Benchimol,Cabo Verde,CPV,FW,3.24,123,54,9993.83,745,93
369768,Antonio Sanabria,Paraguay,PAR,FW,2.48,113,45,9967.8,746,95
394456,Fabinho,Brazil,BRA,MF,3.79,117,36,9907.51,747,95
433806,Edouard Mendy,Senegal,SEN,GK,1.72,18,2,9883.83,748,172
369530,Jhon Cordoba,Colombia,COL,FW,3.15,104,33,9864.95,749,108
360496,Kristoffer Nordfeldt,Sweden,SWE,GK,1.47,8,1,9861.15,750,200
491166,Nishan Velupillay,Australia,AUS,FW,3.37,140,53,9830.13,751,88
493970,Promise David,Canada,CAN,FW,4.43,79,41,9794.61,752,105
405527,Ayumu Seko,Japan,JPN,DF,3.05,105,26,9712.91,753,97
430100,Sasa Kalajdzic,Austria,AUT,FW,4.82,137,62,9643.92,754,88
510908,Luca Jaquez,Switzerland,SUI,DF,2.18,96,39,9611.83,755,89
442431,Scott Mckenna,Scotland,SCO,DF,1.87,63,17,9598.73,756,102
430401,Tsuyoshi Watanabe,Japan,JPN,DF,2.85,100,28,9543.84,757,99
385030,Fidel Escobar,Panama,PAN,DF,1.93,106,45,9536.99,758,98
441239,Jorge Gutierrez,Panama,PAN,DF,2.1,117,43,9490.21,759,90
419681,Kristian Thorstvedt,Norway,NOR,MF,2.52,137,44,9451.89,760,75
463221,Nkosinathi Sibisi,South Africa,RSA,DF,1.39,101,38,9387.59,761,101
386339,Guillermo Martinez,Mexico,MEX,FW,2.54,89,46,9361.92,762,87
495488,Hamza Abdelkarim,Egypt,EGY,FW,5.32,120,56,9335.75,763,83
416652,Jesse Randall,New Zealand,NZL,FW,7.8,113,69,9324.27,764,79
433461,Zizo,Egypt,EGY,FW,5.61,101,50,9317.48,765,84
395216,Ruben Neves,Portugal,POR,MF,2.9,123,36,9241.31,766,76
479110,Abduvohid Nematov,Uzbekistan,UZB,GK,1.79,20,2,9231.32,767,206
498514,Ali Azaizeh,Jordan,JOR,FW,7.27,129,40,9229.12,768,78
441422,Nico Paz,Argentina,ARG,FW,1.74,110,39,9189.47,769,81
448198,Ivan Toney,England,ENG,FW,1.73,94,40,9129.81,770,89
315614,Santiago Arias,Colombia,COL,DF,1.21,80,50,9047.2,771,89
477802,Ousmane Diomande,Côte d'Ivoire,CIV,DF,1.35,75,24,8979.4,772,100
423658,Yeremy Pino,Spain,ESP,FW,1.58,114,45,8846.84,773,83
494411,Kai Trewin,Australia,AUS,DF,1.6,98,41,8815.94,774,81
337251,Cecilio Waterman,Panama,PAN,FW,3.89,82,34,8772.9,775,85
434024,Munaf Younus,Iraq,IRQ,DF,1.95,63,22,8749.67,776,89
411678,Ayoub El Kaabi,Morocco,MAR,FW,1.16,108,59,8709.76,777,74
503047,Besfort Zeneli,Sweden,SWE,MF,3.75,137,51,8630.22,778,69
448580,Kim Moonhwan,Korea Republic,KOR,DF,2.29,109,52,8571.36,779,74
466669,Azarias Londono,Panama,PAN,FW,6.8,100,41,8536.29,780,76
398569,Riechedly Bazoer,Curaçao,CUW,DF,1.69,60,15,8506.82,781,100
494800,Sultan Mandash,Saudi Arabia,KSA,FW,2.38,107,50,8464.47,782,71
429392,Danilo Santos,Brazil,BRA,MF,5.79,115,43,8458.78,783,73
479080,Oston Urunov,Uzbekistan,UZB,MF,4.52,92,35,8454.44,784,75
500038,Mateo Chavez,Mexico,MEX,DF,1.24,96,41,8450.23,785,81
489551,Mohammad Abualnadi,Jordan,JOR,DF,2.24,115,31,8415.95,786,75
448522,Alidu Seidu,Ghana,GHA,DF,1.36,73,34,8378.97,787,92
442428,Aaron Hickey,Scotland,SCO,DF,2.11,103,30,8361.39,788,79
505495,Alexandro Maidana,Paraguay,PAR,DF,2.91,101,38,8335.08,789,69
284190,Hassan Alhaydos,Qatar,QAT,FW,4.75,147,43,8290.41,790,69
519954,Jovo Lukic,Bosnia and Herzegovina,BIH,FW,3.16,100,42,8269.19,791,77
336098,Memphis Depay,Netherlands,NED,FW,5.39,137,50,8184.41,792,68
497902,Diego Moreira,Belgium,BEL,MF,1.04,109,55,8031.47,793,76
339112,Jason Geria,Australia,AUS,DF,3.24,78,29,7925.03,794,75
403002,Diogo Dalot,Portugal,POR,DF,2.42,86,39,7881.23,795,78
523215,Dominique Simon,Haiti,HAI,MF,4.37,150,36,7878.3,796,68
403304,Takefusa Kubo,Japan,JPN,MF,1.57,85,32,7808.85,797,77
430385,Kim Jingyu,Korea Republic,KOR,MF,5.21,99,26,7803.84,798,64
433365,Aymen Dahmen,Tunisia,TUN,GK,1.57,9,0,7797.05,799,198
484859,Quinten Timber,Netherlands,NED,MF,3.41,96,29,7777.13,800,68
485802,Alex Arce,Paraguay,PAR,FW,2.85,122,46,7712.6,801,64
448390,Mathieu Choiniere,Canada,CAN,MF,1.48,132,43,7597.41,802,61
395414,Giovani Lo Celso,Argentina,ARG,MF,0.87,123,23,7525.5,803,64
358003,Vladimir Darida,Czechia,CZE,MF,2.57,135,49,7507.52,804,58
519836,Igor Thiago,Brazil,BRA,FW,1.38,95,43,7498.81,805,65
418881,Cucho Hernandez,Colombia,COL,FW,2.7,99,31,7494.21,806,66
448104,Cedric Itten,Switzerland,SUI,FW,3.63,89,33,7441.56,807,62
486213,Brandon Thomas Asante,Ghana,GHA,FW,3.14,102,49,7440.82,808,70
477833,Joris Kayembe,Congo DR,COD,DF,6.28,88,34,7372.37,809,69
321697,Mathew Leckie,Australia,AUS,FW,1.64,100,31,7358.47,810,67
430658,Waldemar Anton,Germany,GER,DF,3.37,98,35,7334.85,811,66
494025,Matias Fernandez Pardo,Belgium,BEL,FW,3.91,83,52,7102.68,812,57
448203,Ollie Watkins,England,ENG,FW,1.73,83,39,7078.71,813,65
347085,Jalal Hassan,Iraq,IRQ,GK,1.8,9,2,7078.62,814,154
433571,Ahmed Basil,Iraq,IRQ,GK,1.87,10,2,7048.26,815,149
386473,Lawrence Ati Zigi,Ghana,GHA,GK,1.36,7,1,7025.37,816,155
448159,Wout Weghorst,Netherlands,NED,FW,1.8,109,30,7013.96,817,58
499290,Luka Vuskovic,Croatia,CRO,DF,1.47,81,21,7008.12,818,71
484262,Marko Farji,Iraq,IRQ,FW,4.55,96,30,6975.47,819,62
519985,Denis Visinsky,Czechia,CZE,FW,2.33,92,46,6956.61,820,59
494375,Firas Chaouat,Tunisia,TUN,FW,6.2,83,35,6946.94,821,66
520112,Henrik Falchener,Norway,NOR,DF,0.97,64,23,6891.96,822,71
483182,Hossam Abdelmaguid,Egypt,EGY,DF,2.15,62,26,6751.69,823,73
483183,Mahmoud Saber,Egypt,EGY,MF,2.74,123,30,6589.64,824,51
426506,Meschack Elia,Congo DR,COD,FW,3.31,86,41,6530.78,825,59
379886,Alireza Jahanbakhsh,IR Iran,IRN,MF,4.37,84,30,6517.05,826,58
494314,Telmo Arcanjo,Cabo Verde,CPV,MF,3.03,58,27,6515.91,827,69
419132,Brian Rodriguez,Uruguay,URU,FW,6.31,90,35,6497.61,828,61
448662,Elias Achouri,Tunisia,TUN,FW,6.83,68,40,6477.05,829,58
419166,Ibrahima Konate,France,FRA,DF,1.42,57,23,6464.54,830,69
448081,Goncalo Ramos,Portugal,POR,FW,2.83,101,40,6429.87,831,58
514401,Prince Adu,Ghana,GHA,FW,4.51,70,31,6266.52,832,62
423855,Eom Jisung,Korea Republic,KOR,MF,4.64,72,36,6234.99,833,53
463468,Alan Minda,Ecuador,ECU,MF,1.55,80,31,6170.77,834,59
372342,Ismael Diaz,Panama,PAN,MF,4.67,83,37,6159.12,835,52
433067,Morten Thorsby,Norway,NOR,MF,1.23,107,30,6152.57,836,50
370171,Abdoulaye Seck,Senegal,SEN,DF,1.38,51,16,6142.53,837,66
486074,Can Uzun,Türkiye,TUR,FW,4.39,92,27,6108.16,838,55
353251,Ahmed Alaaeldin,Qatar,QAT,FW,4.31,70,30,6052.91,839,55
489417,Isidro Pitta,Paraguay,PAR,FW,1.31,77,23,6037.06,840,55
418747,Tomas Rodriguez,Panama,PAN,FW,4.09,75,32,6034.0,841,53
419211,Lyle Foster,South Africa,RSA,FW,1.49,66,16,5968.5,842,59
429640,Angelo Stiller,Germany,GER,MF,1.71,85,18,5947.34,843,52
403293,Koki Ogawa,Japan,JPN,FW,4.72,78,29,5939.74,844,56
448217,Matt Turner,USA,USA,GK,0.68,20,2,5939.08,845,104
479781,Mohamed Hadj Mahmoud,Tunisia,TUN,MF,4.46,67,36,5920.56,846,52
430098,Lyndon Dykes,Scotland,SCO,FW,4.83,78,34,5899.41,847,49
314197,Neymar Jr,Brazil,BRA,FW,2.59,71,18,5846.42,848,55
345059,Abdulaziz Hatem,Qatar,QAT,MF,2.28,86,28,5826.99,849,51
481181,Arya Yousefi,IR Iran,IRN,DF,2.27,84,31,5813.32,850,51
477859,Fiston Mayele,Congo DR,COD,FW,3.03,72,35,5777.74,851,55
483530,Fredrik Andre Bjorkan,Norway,NOR,DF,1.15,70,29,5776.79,852,50
385139,Farrukh Sayfiev,Uzbekistan,UZB,DF,2.07,71,31,5770.14,853,55
494345,Dan Burn,England,ENG,DF,2.16,48,14,5765.12,854,59
498455,Junnosuke Suzuki,Japan,JPN,DF,3.0,68,34,5757.46,855,58
372090,Orbelin Pineda,Mexico,MEX,MF,3.0,87,32,5754.74,856,45
466363,Jearl Margaritha,Curaçao,CUW,FW,4.54,62,36,5685.6,857,50
511022,Kojo Peprah Oppong,Ghana,GHA,DF,2.83,63,16,5660.9,858,61
368546,Igor Sergeev,Uzbekistan,UZB,FW,6.94,79,26,5591.98,859,46
520071,Nadhir Benbouali,Algeria,ALG,FW,1.6,66,35,5586.09,860,52
504193,Tshepang Moremi,South Africa,RSA,FW,3.72,67,41,5585.39,861,44
448128,Charles Pickel,Congo DR,COD,MF,3.67,77,35,5540.28,862,45
511828,Castrop Jens,Korea Republic,KOR,DF,2.16,40,32,5519.79,863,51
403046,Dean Henderson,England,ENG,GK,0.4,7,1,5504.62,864,102
463489,Yaimar Medina,Ecuador,ECU,DF,1.52,58,28,5486.23,866,53
441317,Theo Bongonda,Congo DR,COD,MF,3.44,55,24,5477.05,867,47
395471,Nadiem Amiri,Germany,GER,MF,3.08,80,26,5438.68,868,50
523333,Ala Alhajji,Saudi Arabia,KSA,MF,5.08,98,33,5355.08,869,43
494313,Yannick Semedo,Cabo Verde,CPV,MF,3.45,75,30,5295.67,870,46
402895,Matias Vina,Uruguay,URU,DF,2.12,71,30,5227.49,871,49
495347,Deniz Gul,Türkiye,TUR,FW,4.28,43,22,5152.77,872,50
477835,Simon Banza,Congo DR,COD,FW,3.47,70,23,5130.52,873,49
290821,Axel Witsel,Belgium,BEL,MF,2.62,84,21,5128.36,874,42
514188,Malick Thiaw,Germany,GER,DF,3.0,69,20,5108.07,875,50
479077,Utkir Yusupov,Uzbekistan,UZB,GK,0.96,7,1,5094.43,876,105
430594,Roger Ibanez,Brazil,BRA,DF,1.24,65,30,5075.62,877,49
419005,Jordy Alcivar,Ecuador,ECU,MF,1.54,63,23,5065.44,878,49
411653,Dylan Bronn,Tunisia,TUN,DF,2.04,38,13,5012.71,879,49
483535,Egil Selvik,Norway,NOR,GK,0.5,5,0,4989.63,880,100
479316,Park Jinseob,Korea Republic,KOR,DF,4.68,64,13,4973.55,881,44
424056,Sontje Hansen,Curaçao,CUW,FW,1.96,59,26,4910.75,882,50
514202,Taha Ali,Sweden,SWE,FW,3.13,61,26,4821.78,883,46
477817,Oussama Benbot,Algeria,ALG,GK,0.71,6,0,4787.6,884,100
403094,Jean Philippe Mateta,France,FRA,FW,2.8,44,23,4718.46,885,38
463282,Alexander Prass,Austria,AUT,MF,3.55,61,28,4686.43,886,41
403236,Mehdi Ghayedi,IR Iran,IRN,FW,1.86,50,24,4683.23,887,50
416989,Ali Alipour,IR Iran,IRN,FW,2.2,51,27,4655.69,888,42
523288,Ayoube Amaimouni,Morocco,MAR,FW,2.77,73,35,4598.41,889,33
483961,Tomas Chory,Czechia,CZE,FW,4.49,55,28,4558.03,890,43
434029,Ali Yousif,Iraq,IRQ,FW,2.35,69,22,4539.67,891,38
485069,Ederson Silva,Brazil,BRA,MF,2.93,63,33,4509.03,892,38
466372,Gervane Kastaneer,Curaçao,CUW,FW,5.92,44,21,4460.43,893,45
483512,Jorrel Hato,Netherlands,NED,DF,1.55,45,17,4437.91,894,43
396158,Rebin Sulaka,Iraq,IRQ,DF,3.63,41,15,4423.46,895,41
430387,Cho Guesung,Korea Republic,KOR,FW,4.22,37,22,4408.36,896,41
463286,Patrick Wimmer,Austria,AUT,FW,3.34,54,23,4379.3,897,39
484276,Ahmed Maknazi,Iraq,IRQ,DF,2.2,55,16,4276.36,898,38
491218,Jamie Leweling,Germany,GER,MF,1.71,55,20,4276.01,899,37
448157,Guus Til,Netherlands,NED,MF,1.75,56,28,4267.29,900,36
499102,Saleem Obaid,Jordan,JOR,DF,6.56,43,19,4204.95,901,43
419436,Ahmed Alganehi,Qatar,QAT,MF,2.04,51,24,4200.63,902,41
498416,Nick Woltemade,Germany,GER,FW,1.4,37,13,4199.08,903,44
477777,Oumar Diakite,Côte d'Ivoire,CIV,FW,3.24,46,22,4173.12,904,40
518200,Tete Yengi,Australia,AUS,FW,3.74,59,20,4138.21,905,33
402985,Jordy Caicedo,Ecuador,ECU,FW,4.6,44,22,4108.67,906,40
486614,Alhashmi Alhussein,Qatar,QAT,DF,1.97,50,20,4072.3,907,41
418561,Francisco Trincao,Portugal,POR,FW,1.52,56,32,4066.95,908,32
523354,Bara Sapoko Ndiaye,Senegal,SEN,MF,1.62,56,15,3984.92,909,36
448136,Eray Coemert,Switzerland,SUI,DF,1.0,32,11,3959.81,910,39
464458,Youssef Amyn,Iraq,IRQ,MF,2.41,52,18,3954.85,911,32
440748,Francis De Vries,New Zealand,NZL,DF,4.92,56,24,3921.77,912,32
448420,Luiz Henrique,Brazil,BRA,FW,1.2,60,26,3896.86,913,38
520245,Mouhib Chamakh,Tunisia,TUN,GK,0.77,4,0,3891.4,914,100
478364,Justin Kluivert,Netherlands,NED,MF,3.51,60,20,3868.51,915,32
477790,Mohamed Amoura,Algeria,ALG,FW,1.74,57,24,3799.52,916,31
480983,Zineddine Belaid,Algeria,ALG,DF,3.1,37,12,3781.0,917,38
406606,Awer Mabil,Australia,AUS,FW,1.75,55,20,3742.93,918,31
506088,Joaquin Seys,Belgium,BEL,DF,1.0,34,13,3681.35,919,36
485063,Samed Bazdar,Bosnia and Herzegovina,BIH,FW,1.57,28,13,3649.89,920,35
506069,Kevin Yakob,Iraq,IRQ,MF,2.45,47,15,3609.05,921,29
484850,Maximilian Beier,Germany,GER,FW,1.62,46,16,3573.92,922,33
430754,Martin Zubimendi,Spain,ESP,MF,0.9,36,7,3570.57,923,29
390535,Mehdi Torabi,IR Iran,IRN,MF,2.34,65,18,3461.66,924,29
512132,Adil Boulbina,Algeria,ALG,FW,3.53,54,21,3442.77,925,28
441362,Mortadha Ben Ouanes,Tunisia,TUN,DF,2.42,38,18,3378.97,926,27
430194,Dennis Hadzikadunic,Bosnia and Herzegovina,BIH,DF,1.52,32,11,3338.81,927,33
419003,Jackson Porozo,Ecuador,ECU,DF,1.33,28,13,3226.38,928,36
484848,Pascal Gross,Germany,GER,MF,1.99,58,15,3218.51,929,24
405639,Amirhossein Hosseinzadeh,IR Iran,IRN,FW,4.82,47,17,3200.06,930,26
470759,Kevin Castano,Colombia,COL,MF,2.76,48,15,3167.34,931,28
433795,Mattias Svanberg,Sweden,SWE,MF,3.67,49,15,3157.11,932,25
493983,Aimar Sher,Iraq,IRQ,MF,2.56,41,6,3139.09,933,24
495054,Jose Manuel Lopez,Argentina,ARG,FW,1.64,43,17,3081.24,934,28
368664,Sergio Rochet,Uruguay,URU,GK,1.2,6,3,3079.43,935,51
389886,Dzenis Burnic,Bosnia and Herzegovina,BIH,MF,3.35,37,11,3073.49,936,27
390278,Alex Zendejas,USA,USA,FW,1.62,53,20,3064.71,937,22
448585,Yang Hyunjun,Korea Republic,KOR,MF,2.31,37,21,2936.45,938,25
520217,Findlay Curtis,Scotland,SCO,FW,5.61,35,16,2919.32,939,21
448127,Noah Okafor,Switzerland,SUI,FW,1.13,38,11,2914.43,940,25
489696,Sondre Langas,Norway,NOR,DF,0.99,26,11,2880.7,941,29
448051,Luis Chavez,Mexico,MEX,MF,1.09,42,16,2876.74,942,31
491216,Samu Costa,Portugal,POR,DF,1.32,33,7,2859.94,943,26
386366,Almoez Ali,Qatar,QAT,FW,2.3,38,11,2859.04,944,24
485756,Zakaria El Ouahdi,Morocco,MAR,DF,1.25,36,15,2847.13,945,22
463661,Valentin Barco,Argentina,ARG,MF,0.86,41,14,2814.61,946,24
337389,Anthony Ralston,Scotland,SCO,DF,4.9,35,13,2807.5,947,23
448160,Luka Sucic,Croatia,CRO,MF,1.76,31,17,2774.75,948,23
477778,Simon Adingra,Côte d'Ivoire,CIV,FW,1.82,35,14,2769.08,949,22
463287,Marco Friedl,Austria,AUT,DF,1.36,30,12,2757.1,950,30
406205,Braian Ojeda,Paraguay,PAR,MF,1.14,31,13,2756.42,951,28
485675,Evann Guessand,Côte d'Ivoire,CIV,FW,2.82,32,14,2736.85,952,27
481220,Azizbek Amonov,Uzbekistan,UZB,FW,2.27,36,16,2708.07,953,23
405562,Eric Garcia,Spain,ESP,DF,0.68,23,6,2696.87,954,29
511010,Samir Chergui,Algeria,ALG,DF,1.52,20,6,2625.06,955,25
394993,Duckens Nazon,Haiti,HAI,FW,1.63,27,8,2597.09,956,31
412144,Alphonso Davies,Canada,CAN,DF,1.4,37,17,2589.59,957,22
448569,Shuto Machino,Japan,JPN,FW,1.59,27,8,2487.67,959,23
479056,Mustafa Saadoon,Iraq,IRQ,DF,2.01,26,15,2482.84,960,24
506473,Tyrese Noslin,Curaçao,CUW,FW,2.51,42,19,2453.07,961,19
431219,Saed Alrosan,Jordan,JOR,DF,2.24,36,12,2425.08,962,22
422968,Mohanad Ali,Iraq,IRQ,FW,2.36,36,16,2367.96,963,20
463495,Kendry Paez,Ecuador,ECU,MF,1.69,33,15,2319.6,964,20
433755,David Zima,Czechia,CZE,DF,2.36,23,9,2311.48,965,19
395286,Ken Sema,Sweden,SWE,MF,1.52,22,7,2294.51,966,22
463125,Ramon Sosa,Paraguay,PAR,MF,1.41,36,16,2289.64,967,19
335807,Jean Michael Seri,Côte d'Ivoire,CIV,MF,1.77,28,7,2281.37,968,19
482984,Haris Tabakovic,Bosnia and Herzegovina,BIH,FW,1.34,12,3,2264.93,969,25
466352,Kenji Gorre,Curaçao,CUW,FW,2.2,32,8,2257.01,970,20
485503,Yuito Suzuki,Japan,JPN,MF,1.86,32,14,2226.64,971,17
386458,Alejandro Romero Gamarra,Paraguay,PAR,FW,1.41,35,11,2181.02,972,18
368545,Jamshid Iskanderov,Uzbekistan,UZB,MF,2.55,34,8,2148.93,973,16
491167,Amer Jamous,Jordan,JOR,MF,2.19,48,10,2136.97,974,19
448153,Noa Lang,Netherlands,NED,FW,3.65,35,12,2122.19,975,17
514336,Armando Gonzalez,Mexico,MEX,FW,1.18,25,14,2086.01,976,21
370986,Jonathan Osorio,Canada,CAN,MF,2.82,29,11,2036.53,977,17
395984,Themba Zwane,South Africa,RSA,MF,5.29,35,10,2021.04,978,19
430766,Alexis Vega,Mexico,MEX,FW,1.22,28,10,1915.42,979,18
418781,Bamba Dieng,Senegal,SEN,FW,1.68,28,15,1882.12,980,16
419567,Callan Elliot,New Zealand,NZL,DF,2.07,19,8,1875.73,981,18
466361,Roshon Van Eijma,Curaçao,CUW,DF,1.82,18,5,1852.02,982,20
466865,Derrick Etienne,Haiti,HAI,FW,2.56,26,8,1841.93,983,14
484698,Assane Diao,Senegal,SEN,FW,1.72,23,12,1835.5,984,16
335658,Alex Sandro,Brazil,BRA,DF,1.45,31,8,1822.47,985,15
337232,Eric Davis,Panama,PAN,DF,4.82,30,18,1809.13,986,14
356189,Jordan Henderson,England,ENG,MF,1.09,35,6,1790.68,987,12
520218,Kento Shiogai,Japan,JPN,FW,2.04,20,11,1755.39,988,12
448124,Christian Fassnacht,Switzerland,SUI,FW,1.42,31,14,1743.81,990,12
506038,Kamogelo Sebelebele,South Africa,RSA,FW,1.94,27,11,1742.93,991,13
419654,Jens Petter Hauge,Norway,NOR,MF,1.39,26,14,1718.66,992,12
433526,Mohammad Abuhasheesh,Jordan,JOR,DF,2.5,25,12,1660.43,993,13
431208,Mohammad Abuzraiq,Jordan,JOR,FW,5.37,24,15,1643.16,994,12
484003,Mojmir Chytil,Czechia,CZE,FW,2.6,17,8,1627.26,995,12
45191,Mohammad Aldaoud,Jordan,JOR,MF,2.14,28,7,1620.24,996,15
495348,Senne Lammens,Belgium,BEL,GK,0.61,4,1,1607.37,997,26
406135,Cesar Huerta,Mexico,MEX,FW,1.49,21,7,1580.4,998,12
356673,Lucas Mendes,Qatar,QAT,DF,2.35,17,9,1535.0,999,13
416902,Mohamed Abdelmoneim,Egypt,EGY,DF,3.29,26,10,1530.7,1000,15
506483,Yassin Fortune,Haiti,HAI,FW,2.25,24,5,1501.22,1001,13
423933,Jayden Nelson,Canada,CAN,FW,1.39,19,5,1462.29,1002,12
466359,Godfried Roemeratoe,Curaçao,CUW,MF,2.36,19,6,1454.14,1003,12
464339,Keisuke Goto,Japan,JPN,FW,1.75,15,10,1396.31,1004,11
401167,Caglar Soyuncu,Türkiye,TUR,DF,1.8,9,3,1394.51,1005,15
402044,Marten De Roon,Netherlands,NED,MF,1.75,23,4,1374.64,1006,11
485666,Maghnes Akliouche,France,FRA,MF,1.04,24,5,1369.75,1007,10
430196,Amir Hadziahmetovic,Bosnia and Herzegovina,BIH,MF,1.61,21,5,1349.67,1008,12
271116,Alberto Quintero,Panama,PAN,MF,2.86,17,8,1246.31,1009,8
269514,Anibal Godoy,Panama,PAN,MF,2.1,18,4,1239.04,1010,11
336170,Kaan Ayhan,Türkiye,TUR,MF,2.18,13,7,1239.03,1011,11
477853,Gedeon Kalulu,Congo DR,COD,DF,1.7,20,6,1186.84,1013,10
442433,Ross Stewart,Scotland,SCO,FW,3.1,22,7,1157.14,1014,7
215285,Guillermo Ochoa,Mexico,MEX,GK,0.74,5,0,1147.02,1015,18
441132,Carl Starfelt,Sweden,SWE,DF,1.66,8,3,1116.66,1016,10
492189,Andres Gomez,Colombia,COL,FW,1.56,16,6,1042.07,1017,7
472877,Irfan Can Kahveci,Türkiye,TUR,FW,2.74,13,6,1019.59,1018,7
430465,Ibrahim Adel,Egypt,EGY,FW,1.7,18,8,1006.49,1019,7
402979,Felix Torres,Ecuador,ECU,DF,1.15,5,0,989.25,1020,12
332897,Rodrigo Aguirre,Uruguay,URU,FW,2.15,12,4,898.68,1021,8
466346,Brandley Kuwas,Curaçao,CUW,FW,2.51,16,7,839.63,1022,6
419300,Khalid Alghannam,Saudi Arabia,KSA,FW,1.85,10,4,790.29,1023,8
485379,Shurandy Sambo,Curaçao,CUW,DF,2.18,9,4,726.32,1024,6
489691,Gustaf Nilsson,Sweden,SWE,FW,2.14,11,2,713.65,1025,5
464897,Sherzod Esanov,Uzbekistan,UZB,MF,3.6,15,6,657.16,1026,3
439691,Trevoh Chalobah,England,ENG,DF,0.76,11,2,626.54,1027,6
390276,Haji Wright,USA,USA,FW,2.72,7,4,549.32,1029,4
484728,Marc Pubill,Spain,ESP,DF,0.91,6,3,455.66,1030,3
441148,Matheus Nunes,Portugal,POR,MF,1.39,6,2,432.75,1031,4
395552,Yerry Mina,Colombia,COL,DF,1.7,7,3,384.52,1032,2
520072,Fares Ghedjemis,Algeria,ALG,FW,1.62,5,4,300.02,1033,2
403109,Marcus Thuram,France,FRA,FW,1.04,5,2,295.8,1034,2
447864,Borja Iglesias,Spain,ESP,FW,0.98,6,2,251.6,1035,1
486390,Max Arfsten,USA,USA,DF,1.09,1,2,231.95,1036,2
339117,Mathew Ryan,Australia,AUS,GK,0.95,2,0,206.87,1037,2
367536,Baba Rahman,Ghana,GHA,DF,1.83,2,1,168.97,1038,1
394829,Fabian Balbuena,Paraguay,PAR,DF,1.55,2,1,90.04,1039,0
448295,Gonzalo Valle,Ecuador,ECU,GK,0.0,0,0,0.0,1040,0
228686,David Ospina,Colombia,COL,GK,0.0,0,0,0.0,1040,0
439956,Facundo Pellistri,Uruguay,URU,FW,0.0,0,0,0.0,1040,0
368652,Giorgian De Arrascaeta,Uruguay,URU,MF,0.0,0,0,0.0,1040,0
318647,Gatito Fernandez,Paraguay,PAR,GK,0.0,0,0,0.0,1040,0
371956,Leo Pereira,Brazil,BRA,DF,0.0,0,0,0.0,1040,0
473062,Emiliano Martinez,Uruguay,URU,MF,0.0,0,0,0.0,1040,0
402904,Santiago Bueno,Uruguay,URU,DF,0.0,0,0,0.0,1040,0
385998,Alvaro Montero,Colombia,COL,GK,0.0,0,0,0.0,1040,0
489849,Juan Portilla,Colombia,COL,MF,0.0,0,0,0.0,1040,0
506481,Keeto Thermoncy,Haiti,HAI,DF,0.0,0,0,0.0,1040,0
476345,Willer Ditta,Colombia,COL,DF,0.0,0,0,0.0,1040,0
441402,Cesar Samudio,Panama,PAN,GK,0.0,0,0,0.0,1040,0
385994,Cristian Roldan,USA,USA,MF,0.0,0,0,0.0,1040,0
514326,Jeremy Arevalo,Ecuador,ECU,FW,0.0,0,0,0.0,1040,0
344582,Roderick Miller,Panama,PAN,DF,0.0,0,0,0.0,1040,0
464546,Chris Brady,USA,USA,GK,0.0,0,0,0.0,1040,0
448299,Anthony Valencia,Ecuador,ECU,MF,0.0,0,0,0.0,1040,0
439538,Joaquin Piquerez,Uruguay,URU,MF,0.0,0,0,0.0,1040,0
395427,Ederson,Brazil,BRA,GK,0.0,0,0,0.0,1040,0
267702,Luis Mejia,Panama,PAN,GK,0.0,0,0,0.0,1040,0
402897,Santiago Mele,Uruguay,URU,GK,0.0,0,0,0.0,1040,0
419002,Moises Ramirez,Ecuador,ECU,GK,0.0,0,0,0.0,1040,0
368655,Jose Maria Gimenez,Uruguay,URU,DF,0.0,0,0,0.0,1040,0
385833,Adalberto Carrasquilla,Panama,PAN,MF,0.0,0,0,0.0,1040,0
441243,Cesar Yanis,Panama,PAN,MF,0.0,0,0,0.0,1040,0
431889,Bremer,Brazil,BRA,DF,0.0,0,0,0.0,1040,0
480313,Edgardo Farina,Panama,PAN,DF,0.0,0,0,0.0,1040,0
463476,Denil Castillo,Ecuador,ECU,MF,0.0,0,0,0.0,1040,0
447991,Gaston Olveira,Paraguay,PAR,GK,0.0,0,0,0.0,1040,0
425580,Jorge Carrascal,Colombia,COL,MF,0.0,0,0,0.0,1040,0
419142,Rodrigo Zalazar,Uruguay,URU,MF,0.0,0,0,0.0,1040,0
419101,Ronald Araujo,Uruguay,URU,DF,0.0,0,0,0.0,1040,0
394824,Geronimo Rulli,Argentina,ARG,GK,0.0,0,0,0.0,1040,0
523007,Tyler Fletcher,Scotland,SCO,MF,0.0,0,0,0.0,1040,0
484817,Lachlan Bayliss,New Zealand,NZL,MF,0.0,0,0,0.0,1040,0
371142,Alex Rufer,New Zealand,NZL,MF,0.0,0,0,0.0,1040,0
447853,David Raya,Spain,ESP,GK,0.0,0,0,0.0,1040,0
506775,Hugo Sochurek,Czechia,CZE,MF,0.0,0,0,0.0,1040,0
441162,Jindrich Stanek,Czechia,CZE,GK,0.0,0,0,0.0,1040,0
442430,John Souttar,Scotland,SCO,DF,0.0,0,0,0.0,1040,0
484862,Marvin Keller,Switzerland,SUI,GK,0.0,0,0,0.0,1040,0
430437,Cameron Devlin,Australia,AUS,MF,0.0,0,0,0.0,1040,0
484072,Samet Akaydin,Türkiye,TUR,DF,0.0,0,0,0.0,1040,0
391297,Alex Grimaldo,Spain,ESP,DF,0.0,0,0,0.0,1040,0
514639,Herman Johansson,Sweden,SWE,DF,0.0,0,0,0.0,1040,0
483319,Hjalmar Ekdal,Sweden,SWE,DF,0.0,0,0,0.0,1040,0
492859,Victor Munoz,Spain,ESP,FW,0.0,0,0,0.0,1040,0
479084,Umar Eshmurodov,Uzbekistan,UZB,DF,0.0,0,0,0.0,1040,0
390205,Logan Rogerson,New Zealand,NZL,FW,0.0,0,0,0.0,1040,0
484864,Aurele Amenda,Switzerland,SUI,DF,0.0,0,0,0.0,1040,0
442429,Liam Kelly,Scotland,SCO,GK,0.0,0,0,0.0,1040,0
390218,Michael Woud,New Zealand,NZL,GK,0.0,0,0,0.0,1040,0
495431,George Hirst,Scotland,SCO,FW,0.0,0,0,0.0,1040,0
484691,Joan Garcia,Spain,ESP,GK,0.0,0,0,0.0,1040,0
360498,Mert Gunok,Türkiye,TUR,GK,0.0,0,0,0.0,1040,0
269592,Kosta Barbarouses,New Zealand,NZL,FW,0.0,0,0,0.0,1040,0
484073,Dominic Hyam,Scotland,SCO,DF,0.0,0,0,0.0,1040,0
331149,Milos Degenek,Australia,AUS,DF,0.0,0,0,0.0,1040,0
331135,Paul Izzo,Australia,AUS,GK,0.0,0,0,0.0,1040,0
441171,Jan Kuchta,Czechia,CZE,FW,0.0,0,0,0.0,1040,0
511118,Lukas Hornicek,Czechia,CZE,GK,0.0,0,0,0.0,1040,0
483990,David Jurasek,Czechia,CZE,DF,0.0,0,0,0.0,1040,0
419572,Nando Pijnaker,New Zealand,NZL,DF,0.0,0,0,0.0,1040,0
482969,Nihad Mujakic,Bosnia and Herzegovina,BIH,DF,0.0,0,0,0.0,1040,0
441180,Altay Bayindir,Türkiye,TUR,GK,0.0,0,0,0.0,1040,0
493061,Eric Smith,Sweden,SWE,DF,0.0,0,0,0.0,1040,0
483264,Viktor Johansson,Sweden,SWE,GK,0.0,0,0,0.0,1040,0
385472,Botirali Ergashev,Uzbekistan,UZB,GK,0.0,0,0,0.0,1040,0
419577,Ben Waine,New Zealand,NZL,FW,0.0,0,0,0.0,1040,0
423574,Alex Paulsen,New Zealand,NZL,GK,0.0,0,0,0.0,1040,0
518264,Avazbek Ulmasaliyev,Uzbekistan,UZB,DF,0.0,0,0,0.0,1040,0
485324,Arjany Martha,Curaçao,CUW,MF,0.0,0,0,0.0,1040,0
491228,Martin Zlomislic,Bosnia and Herzegovina,BIH,GK,0.0,0,0,0.0,1040,0
466370,Tyrick Bodak,Curaçao,CUW,GK,0.0,0,0,0.0,1040,0
466365,Kevin Felida,Curaçao,CUW,MF,0.0,0,0,0.0,1040,0
466382,Trevor Doornbusch,Curaçao,CUW,GK,0.0,0,0,0.0,1040,0
522842,Mladen Jurkas,Bosnia and Herzegovina,BIH,GK,0.0,0,0,0.0,1040,0
448151,Mark Flekken,Netherlands,NED,GK,0.0,0,0,0.0,1040,0
389753,Nikola Moro,Croatia,CRO,MF,0.0,0,0,0.0,1040,0
441146,Goncalo Inacio,Portugal,POR,DF,0.0,0,0,0.0,1040,0
506028,Robin Roefs,Netherlands,NED,GK,0.0,0,0,0.0,1040,0
520035,David Affengruber,Austria,AUT,DF,0.0,0,0,0.0,1040,0
411470,Lucas Hernandez,France,FRA,DF,0.0,0,0,0.0,1040,0
514526,Ivor Pandur,Croatia,CRO,GK,0.0,0,0,0.0,1040,0
306538,Oliver Baumann,Germany,GER,GK,0.0,0,0,0.0,1040,0
448092,Rui Silva,Portugal,POR,GK,0.0,0,0,0.0,1040,0
448164,Kristijan Jakic,Croatia,CRO,DF,0.0,0,0,0.0,1040,0
372424,Duje Caleta Car,Croatia,CRO,DF,0.0,0,0,0.0,1040,0
441065,Patrick Pentz,Austria,AUT,GK,0.0,0,0,0.0,1040,0
441068,Dejan Ljubicic,Austria,AUT,MF,0.0,0,0,0.0,1040,0
398681,Ngolo Kante,France,FRA,MF,0.0,0,0,0.0,1040,0
485080,James Trafford,England,ENG,GK,0.0,0,0,0.0,1040,0
514479,Sander Tangvik,Norway,NOR,GK,0.0,0,0,0.0,1040,0
482621,Kobbie Mainoo,England,ENG,MF,0.0,0,0,0.0,1040,0
375600,Alessandro Schoepf,Austria,AUT,MF,0.0,0,0,0.0,1040,0
485065,Toni Fruk,Croatia,CRO,MF,0.0,0,0,0.0,1040,0
520034,Florian Wiegele,Austria,AUT,GK,0.0,0,0,0.0,1040,0
448179,Dominik Kotarski,Croatia,CRO,GK,0.0,0,0,0.0,1040,0
448369,Zeno Debast,Belgium,BEL,DF,0.0,0,0,0.0,1040,0
215553,Craig Gordon,Scotland,SCO,GK,0.0,0,0,0.0,1040,0
483471,Brice Samba,France,FRA,GK,0.0,0,0,0.0,1040,0
384751,Goncalo Guedes,Portugal,POR,FW,0.0,0,0,0.0,1040,0
389740,Martin Erlic,Croatia,CRO,DF,0.0,0,0,0.0,1040,0
483553,Lutsharel Geertruida,Netherlands,NED,DF,0.0,0,0,0.0,1040,0
429639,Alexander Nuebel,Germany,GER,GK,0.0,0,0,0.0,1040,0
475195,Assan Ouedraogo,Germany,GER,MF,0.0,0,0,0.0,1040,0
448366,Koni De Winter,Belgium,BEL,DF,0.0,0,0,0.0,1040,0
491269,Michael Svoboda,Austria,AUT,DF,0.0,0,0,0.0,1040,0
483481,Mats Wieffer,Netherlands,NED,DF,0.0,0,0,0.0,1040,0
368689,Jose Sa,Portugal,POR,GK,0.0,0,0,0.0,1040,0
523173,Augustine Boakye,Ghana,GHA,MF,0.0,0,0,0.0,1040,0
466862,Garven Metusala,Haiti,HAI,DF,0.0,0,0,0.0,1040,0
441255,Dayne St Clair,Canada,CAN,GK,0.0,0,0,0.0,1040,0
506335,Moutaz Neffati,Tunisia,TUN,DF,0.0,0,0,0.0,1040,0
516043,Adam Arous,Tunisia,TUN,DF,0.0,0,0,0.0,1040,0
466844,Markhus Lacroix,Haiti,HAI,DF,0.0,0,0,0.0,1040,0
372294,Sabri Ben Hessen,Tunisia,TUN,GK,0.0,0,0,0.0,1040,0
506124,Tarek Alaa,Egypt,EGY,DF,0.0,0,0,0.0,1040,0
502245,Olwethu Makhanya,South Africa,RSA,DF,0.0,0,0,0.0,1040,0
520247,Rayan Elloumi,Tunisia,TUN,FW,0.0,0,0,0.0,1040,0
514070,Alfie Jones,Canada,CAN,DF,0.0,0,0,0.0,1040,0
494742,Youssef Belammari,Morocco,MAR,DF,0.0,0,0,0.0,1040,0
504192,Khulumani Ndamane,South Africa,RSA,DF,0.0,0,0,0.0,1040,0
494279,Antoine Mendy,Senegal,SEN,DF,0.0,0,0,0.0,1040,0
424556,Carl Sainte,Haiti,HAI,MF,0.0,0,0,0.0,1040,0
433466,Nabil Donga,Egypt,EGY,MF,0.0,0,0,0.0,1040,0
512039,Khalil Ayari,Tunisia,TUN,MF,0.0,0,0,0.0,1040,0
466853,Josue Duverger,Haiti,HAI,GK,0.0,0,0,0.0,1040,0
463817,Owen Goodman,Canada,CAN,GK,0.0,0,0,0.0,1040,0
430834,Parfait Guiagon,Côte d'Ivoire,CIV,MF,0.0,0,0,0.0,1040,0
510850,Thabang Matuludi,South Africa,RSA,DF,0.0,0,0,0.0,1040,0
395860,Mahdy Soliman,Egypt,EGY,GK,0.0,0,0,0.0,1040,0
520246,Raed Chikhaoui,Tunisia,TUN,DF,0.0,0,0,0.0,1040,0
498439,Wilguens Paugain,Haiti,HAI,DF,0.0,0,0,0.0,1040,0
506277,Joseph Anang,Ghana,GHA,GK,0.0,0,0,0.0,1040,0
419225,Bradley Cross,South Africa,RSA,DF,0.0,0,0,0.0,1040,0
499800,Mamadou Sarr,Senegal,SEN,DF,0.0,0,0,0.0,1040,0
466835,Alexandre Pierre,Haiti,HAI,GK,0.0,0,0,0.0,1040,0
441336,Abdul Mumin,Ghana,GHA,DF,0.0,0,0,0.0,1040,0
485409,Woodensky Pierre,Haiti,HAI,MF,0.0,0,0,0.0,1040,0
371553,Ahmed Reda Tagnaouti,Morocco,MAR,GK,0.0,0,0,0.0,1040,0
448402,Joel Waterman,Canada,CAN,DF,0.0,0,0,0.0,1040,0
482780,Kelvin Pires,Cabo Verde,CPV,DF,0.0,0,0,0.0,1040,0
486168,Cherif Ndiaye,Senegal,SEN,FW,0.0,0,0,0.0,1040,0
395059,Ricardo Goss,South Africa,RSA,GK,0.0,0,0,0.0,1040,0
419172,Evan Ndicka,Côte d'Ivoire,CIV,DF,0.0,0,0,0.0,1040,0
486259,Mohamed Kone,Côte d'Ivoire,CIV,GK,0.0,0,0,0.0,1040,0
494277,Yehvann Diouf,Senegal,SEN,GK,0.0,0,0,0.0,1040,0
494246,Sipho Chaine,South Africa,RSA,GK,0.0,0,0,0.0,1040,0
512079,Mohamed Alaa,Egypt,EGY,GK,0.0,0,0,0.0,1040,0
494350,Christopher Bonsu Baah,Ghana,GHA,FW,0.0,0,0,0.0,1040,0
504200,Samukele Kabini,South Africa,RSA,DF,0.0,0,0,0.0,1040,0
494506,Jehad Thikri,Saudi Arabia,KSA,DF,0.0,0,0,0.0,1040,0
401924,Hassan Kadish,Saudi Arabia,KSA,DF,0.0,0,0,0.0,1040,0
416056,Meshaal Barsham,Qatar,QAT,GK,0.0,0,0,0.0,1040,0
407114,Marcio Rosa,Cabo Verde,CPV,GK,0.0,0,0,0.0,1040,0
397753,Jo Hyeonwoo,Korea Republic,KOR,GK,0.0,0,0,0.0,1040,0
512127,Achref Abada,Algeria,ALG,DF,0.0,0,0,0.0,1040,0
433600,Mohamed Amine Tougai,Algeria,ALG,DF,0.0,0,0,0.0,1040,0
419287,Nawaf Alaqidi,Saudi Arabia,KSA,GK,0.0,0,0,0.0,1040,0
314255,Hossein Hosseini,IR Iran,IRN,GK,0.0,0,0,0.0,1040,0
483127,Nour Baniateyah,Jordan,JOR,GK,0.0,0,0,0.0,1040,0
419326,Ali Majrashi,Saudi Arabia,KSA,DF,0.0,0,0,0.0,1040,0
429600,Lee Donggyeong,Korea Republic,KOR,MF,0.0,0,0,0.0,1040,0
520070,Melvin Mastil,Algeria,ALG,GK,0.0,0,0,0.0,1040,0
431223,Abdallah Alfakhori,Jordan,JOR,GK,0.0,0,0,0.0,1040,0
368744,Fahad Talib,Iraq,IRQ,GK,0.0,0,0,0.0,1040,0
514171,Matthieu Epolo,Congo DR,COD,GK,0.0,0,0,0.0,1040,0
425804,Saleh Alshehri,Saudi Arabia,KSA,FW,0.0,0,0,0.0,1040,0
402820,Song Bumkeun,Korea Republic,KOR,GK,0.0,0,0,0.0,1040,0
339746,Ahmed Alkassar,Saudi Arabia,KSA,GK,0.0,0,0,0.0,1040,0
522282,Cho Wije,Korea Republic,KOR,DF,0.0,0,0,0.0,1040,0
436538,Ziyad Aljohani,Saudi Arabia,KSA,MF,0.0,0,0,0.0,1040,0
384850,Rajaei Ayed,Jordan,JOR,MF,0.0,0,0,0.0,1040,0
406595,Roozbeh Cheshmi,IR Iran,IRN,MF,0.0,0,0,0.0,1040,0
464374,Bae Junho,Korea Republic,KOR,MF,0.0,0,0,0.0,1040,0
419461,Salah Zakaria,Qatar,QAT,GK,0.0,0,0,0.0,1040,0
448507,Payam Niazmand,IR Iran,IRN,GK,0.0,0,0,0.0,1040,0
336439,Gael Kakuta,Congo DR,COD,FW,0.0,0,0,0.0,1040,0
403305,Keisuke Osako,Japan,JPN,GK,0.0,0,0,0.0,1040,0
297266,Stopira,Cabo Verde,CPV,DF,0.0,0,0,0.0,1040,0
486196,Timothy Fayulu,Congo DR,COD,GK,0.0,0,0,0.0,1040,0
385070,Mohammed Muntari,Qatar,QAT,FW,0.0,0,0,0.0,1040,0
433631,Yassine Titraoui,Algeria,ALG,MF,0.0,0,0,0.0,1040,0
519837,Dennis Dargahi,IR Iran,IRN,FW,0.0,0,0,0.0,1040,0
477831,Logan Costa,Cabo Verde,CPV,DF,0.0,0,0,0.0,1040,0
477829,Dylan Batubinsika,Congo DR,COD,DF,0.0,0,0,0.0,1040,0
418485,Kim Taehyeon,Korea Republic,KOR,DF,0.0,0,0,0.0,1040,0
486639,Tahsin Mohammed,Qatar,QAT,FW,0.0,0,0,0.0,1040,0
477864,Aaron Tshibola,Congo DR,COD,MF,0.0,0,0,0.0,1040,0
511889,Anas Badawi,Jordan,JOR,DF,0.0,0,0,0.0,1040,0
520068,Mohammad Abughoush,Jordan,JOR,MF,0.0,0,0,0.0,1040,0
494429,Danial Iri,IR Iran,IRN,DF,0.0,0,0,0.0,1040,0
475921,Amirmohammad Razaghinia,IR Iran,IRN,MF,0.0,0,0,0.0,1040,0
430512,Aiman Yahya,Saudi Arabia,KSA,FW,0.0,0,0,0.0,1040,0
431209,Ibrahim Sadeh,Jordan,JOR,MF,0.0,0,0,0.0,1040,0
