PlayerID,Player,Team,TeamAbbreviation,Position,AverageSpeed,HighSpeedRuns,Sprints,TotalDistance,DistanceRank,MinutesPlayed,TotalDistanceKm,DistancePer90
411375,Rodri,Spain,ESP,MF,7.05,1294,318,96233.71,1,819,96.23371,10.575132967032967
430628,Alexis Mac Allister,Argentina,ARG,MF,6.23,1024,277,90561.77,2,869,90.56177000000001,9.379239700805524
430735,Marc Cucurella,Spain,ESP,DF,6.18,907,363,87986.05,3,857,87.98605,9.240075262543758
474973,Pau Cubarsi,Spain,ESP,DF,6.03,816,263,85956.03,4,857,85.95603,9.02688763127188
448252,Enzo Fernandez,Argentina,ARG,MF,5.74,1054,332,82828.98,6,755,82.82898,9.873653245033113
335999,Aymeric Laporte,Spain,ESP,DF,5.8,695,204,79572.1,7,824,79.5721,8.691127427184465
481610,Elliot Anderson,England,ENG,MF,6.6,1006,282,78697.97,8,713,78.69797,9.93382510518934
402021,Remo Freuler,Switzerland,SUI,MF,6.79,1001,213,73750.57,10,654,73.75057000000001,10.149161009174314
389876,Dayot Upamecano,France,FRA,DF,5.95,598,228,73611.38,11,740,73.61138000000001,8.952735405405406
448202,Jude Bellingham,England,ENG,MF,6.37,947,403,73254.75,12,698,73.25475,9.445454871060173
311558,Granit Xhaka,Switzerland,SUI,MF,6.51,1062,210,72775.82,13,673,72.77582000000001,9.732279049034178
402047,Adrien Rabiot,France,FRA,MF,5.67,816,248,71263.06,15,657,71.26306,9.76206301369863
405841,Marc Guehi,England,ENG,DF,5.82,660,203,70981.57,16,761,70.98157,8.394666622864653
485740,Neil El Aynaoui,Morocco,MAR,MF,6.69,836,276,70474.7,17,634,70.4747,10.004294952681388
430707,Jules Kounde,France,FRA,DF,6.46,834,323,69981.25,18,666,69.98125,9.456925675675675
403049,Ezri Konsa,England,ENG,DF,5.65,666,195,69849.14,19,739,69.84914,8.506661163734778
448360,Brandon Mechele,Belgium,BEL,DF,6.31,806,227,68409.01,20,651,68.40901,9.457466820276498
423646,Pedri,Spain,ESP,MF,7.3,976,291,68013.79,21,565,68.01379,10.834055044247787
433097,Declan Rice,England,ENG,MF,5.64,709,233,66754.62,23,622,66.75461999999999,9.659028617363342
411443,Timothy Castagne,Belgium,BEL,DF,7.29,844,335,65175.17,26,546,65.17517,10.743159890109888
400721,Achraf Hakimi,Morocco,MAR,DF,5.89,624,296,63750.68,29,650,63.75068,8.827017230769231
398509,Nico Elvedi,Switzerland,SUI,DF,5.66,611,199,63204.39,30,673,63.20439,8.452295839524517
404645,Sander Berge,Norway,NOR,MF,5.69,770,192,63083.25,32,554,63.08325,10.248181407942239
430144,Pedro Porro,Spain,ESP,DF,4.44,631,283,62981.89,33,640,62.98189,8.85682828125
400716,Martin Odegaard,Norway,NOR,MF,5.86,878,302,62928.93,34,537,62.92893,10.546748044692738
405178,Manuel Akanji,Switzerland,SUI,DF,5.6,631,187,62661.14,35,673,62.661139999999996,8.379647251114413
402921,Lisandro Martinez,Argentina,ARG,DF,4.66,485,167,62187.63,36,708,62.18763,7.905207203389831
401444,Youri Tielemans,Belgium,BEL,MF,5.75,862,256,61812.67,37,538,61.81267,10.340409479553903
385306,Andres Cubas,Paraguay,PAR,MF,6.6,756,205,60748.96,38,554,60.74896,9.868964620938627
483442,Patrick Berg,Norway,NOR,MF,6.93,797,263,59224.02,39,519,59.224019999999996,10.2700612716763
402925,Nahuel Molina,Argentina,ARG,DF,5.14,608,265,57871.18,41,592,57.87118,8.797983445945945
431196,Cristian Romero,Argentina,ARG,DF,4.43,415,108,57671.78,42,685,57.67178,7.577314160583942
390259,Weston Mckennie,USA,USA,MF,6.86,771,236,57573.6,43,504,57.5736,10.280999999999999
463902,Gustavo Puerta,Colombia,COL,DF,6.63,742,195,57392.35,44,520,57.39235,9.933291346153846
461788,Marawan Attia,Egypt,EGY,MF,6.85,829,260,56580.27,45,495,56.58027,10.287321818181818
447860,Alex Baena,Spain,ESP,MF,5.58,626,264,55400.88,46,522,55.40088,9.551875862068965
313559,Ricardo Rodriguez,Switzerland,SUI,DF,5.83,541,200,55242.44,47,567,55.24244,8.76864126984127
483516,Kristoffer Ajer,Norway,NOR,DF,4.95,480,150,54843.56,48,554,54.84356,8.909603610108302
430605,Bruno Guimaraes,Brazil,BRA,MF,7.16,739,158,54744.12,49,458,54.74412,10.757578165938865
428882,Rodrigo De Paul,Argentina,ARG,MF,5.36,573,286,54526.53,50,539,54.52653,9.104615398886828
463780,Nico Oreilly,England,ENG,DF,5.43,596,236,54499.2,51,523,54.499199999999995,9.378447418738048
332847,Leandro Paredes,Argentina,ARG,MF,5.31,566,148,54268.14,52,557,54.26814,8.768640215439856
448373,Maxim De Cuyper,Belgium,BEL,DF,6.55,653,234,54016.4,53,492,54.016400000000004,9.881048780487806
441252,Alistair Johnston,Canada,CAN,DF,6.28,683,264,53458.13,54,511,53.45813,9.415326223091975
441307,Azzedine Ounahi,Morocco,MAR,MF,6.59,654,266,53453.19,55,477,53.45319,10.085507547169811
308322,Nicolas Tagliafico,Argentina,ARG,DF,5.24,542,191,52897.74,57,543,52.89774,8.767581215469614
368860,Lucas Digne,France,FRA,DF,4.6,588,211,52627.74,58,513,52.627739999999996,9.232936842105262
433635,Stephen Eustaquio,Canada,CAN,MF,7.14,897,210,52496.91,59,444,52.49691000000001,10.641265540540543
367981,Douglas Santos,Brazil,BRA,DF,6.22,642,220,52462.91,60,505,52.46291,9.349825544554456
408950,Mohamed Hany,Egypt,EGY,DF,5.71,516,201,52140.55,62,546,52.140550000000005,8.594596153846155
491244,Torbjorn Heggem,Norway,NOR,DF,5.14,475,141,51748.22,63,503,51.74822,9.259124850894633
369267,Yasser Ibrahim,Egypt,EGY,DF,5.79,514,181,51489.36,64,533,51.48936,8.694263414634145
484141,Joao Neves,Portugal,POR,MF,6.8,638,197,51136.79,65,450,51.13679,10.227358
448612,Bilal El Khannouss,Morocco,MAR,MF,6.11,554,226,50933.34,66,501,50.933339999999994,9.149701796407186
430601,Gabriel Magalhaes,Brazil,BRA,DF,5.86,500,122,50836.58,67,520,50.836580000000005,8.798638846153848
395206,Bruno Fernandes,Portugal,POR,MF,6.4,572,219,50225.1,69,471,50.2251,9.597152866242038
489704,Renato Veiga,Portugal,POR,DF,5.77,498,145,49867.82,70,518,49.86782,8.66429305019305
395550,Jefferson Lerma,Colombia,COL,MF,6.51,713,170,49541.65,71,459,49.541650000000004,9.714049019607844
419177,William Saliba,France,FRA,DF,4.12,407,157,49524.88,72,533,49.524879999999996,8.362550093808629
332946,Marquinhos,Brazil,BRA,DF,5.68,453,141,49331.59,75,520,49.33159,8.538159807692306
483161,Mostafa Zico,Egypt,EGY,MF,7.41,726,225,49154.47,77,398,49.15447,11.115332412060303
369744,Gustavo Gomez,Paraguay,PAR,DF,5.32,342,109,49082.71,79,554,49.08271,7.9737254512635385
479601,Juan Jose Caceres,Paraguay,PAR,DF,5.99,521,193,48658.8,81,488,48.6588,8.973959016393442
483505,David Moller Wolfe,Norway,NOR,DF,5.1,520,216,48590.19,82,477,48.59019,9.16796037735849
386013,Davinson Sanchez,Colombia,COL,DF,5.36,441,145,48497.14,83,541,48.49714,8.06791608133087
424422,Matias Galarza,Paraguay,PAR,MF,5.32,560,237,48496.58,84,439,48.49658,9.94235125284738
403083,Issa Diop,Morocco,MAR,DF,4.5,413,102,48036.09,86,534,48.036089999999994,8.0959702247191
411680,Noussair Mazraoui,Morocco,MAR,DF,5.3,396,146,48034.34,87,542,48.03433999999999,7.9761819188191865
431200,Daniel Munoz,Colombia,COL,DF,6.53,598,221,47613.35,89,451,47.61335,9.501555432372504
485760,Ayyoub Bouaddi,Morocco,MAR,MF,5.57,586,166,47487.66,90,425,47.487660000000005,10.056210352941177
430440,Aiden Oneill,Australia,AUS,MF,6.97,648,186,47323.13,91,406,47.32313,10.490349014778324
464542,Alex Freeman,USA,USA,DF,6.46,545,179,47281.6,92,442,47.2816,9.627475113122172
492716,Morgan Rogers,England,ENG,MF,6.39,608,227,47046.38,94,411,47.04638,10.30212700729927
358120,Kevin De Bruyne,Belgium,BEL,MF,5.67,573,204,46612.9,96,412,46.6129,10.182429611650486
430669,Florian Wirtz,Germany,GER,MF,6.85,653,229,46415.88,97,405,46.415879999999994,10.314639999999999
441149,Vitinha,Portugal,POR,MF,6.85,559,174,46256.34,98,404,46.256339999999994,10.304630198019801
431696,Richie Laryea,Canada,CAN,DF,5.81,464,231,46053.79,100,475,46.05379,8.725981263157895
506329,Djed Spence,England,ENG,DF,5.99,417,214,45630.64,101,476,45.63064,8.627642016806723
477795,Fares Chaibi,Algeria,ALG,MF,6.76,549,177,45534.2,102,403,45.5342,10.168928039702234
403642,Krepin Diatta,Senegal,SEN,DF,5.93,467,164,45457.47,103,459,45.45747,8.913229411764707
485677,Manu Kone,France,FRA,MF,4.03,590,110,45337.05,104,426,45.337050000000005,9.57825
448598,Ismael Saibari,Morocco,MAR,MF,5.54,615,315,45216.86,105,411,45.216860000000004,9.901502189781022
405893,Aurelien Tchouameni,France,FRA,MF,3.32,637,155,45082.82,106,407,45.08282,9.969173955773956
308386,Casemiro,Brazil,BRA,MF,6.37,449,116,45002.51,107,425,45.00251,9.529943294117647
495349,Nicolas Raskin,Belgium,BEL,MF,6.95,508,128,44872.33,109,396,44.872330000000005,10.19825681818182
335656,Danilo,Brazil,BRA,DF,5.68,495,217,44689.09,110,471,44.68908999999999,8.539316560509553
386413,Joshua Kimmich,Germany,GER,DF,6.79,518,157,44638.55,111,392,44.63855,10.24864668367347
448014,Alessandro Circati,Australia,AUS,DF,6.09,424,142,44568.44,112,438,44.56844,9.157898630136987
494291,Ibrahim Maza,Algeria,ALG,MF,6.85,524,152,44461.44,113,389,44.46144,10.28670848329049
448214,Malik Tillman,USA,USA,MF,6.45,607,215,44391.65,114,415,44.39165,9.627104819277108
480322,Luc De Fougerolles,Canada,CAN,DF,6.37,528,174,44379.43,115,421,44.37943,9.487289073634205
433469,Mohanad Lashin,Egypt,EGY,MF,6.48,538,161,44288.9,117,409,44.2889,9.745723716381416
371609,Franck Kessie,Côte d'Ivoire,CIV,MF,6.8,553,184,44144.95,119,389,44.144949999999994,10.213484575835475
441622,Jhon Lucumi,Colombia,COL,DF,4.87,350,115,43823.06,121,538,43.82306,7.330995167286245
441251,Antonee Robinson,USA,USA,DF,5.27,556,206,43815.48,122,399,43.81548,9.88319097744361
384752,Ruben Dias,Portugal,POR,DF,5.0,429,110,43585.96,124,418,43.58596,9.384536842105263
419518,Erik Lira,Mexico,MEX,MF,5.34,497,137,43502.52,125,391,43.50252,10.01336777493606
436612,Denzel Dumfries,Netherlands,NED,DF,6.05,470,183,43452.06,126,432,43.452059999999996,9.052512499999999
424036,Pedro Vite,Ecuador,ECU,MF,6.38,648,177,43374.6,127,407,43.3746,9.59143488943489
409241,Diney Borges,Cabo Verde,CPV,DF,5.88,395,111,43337.98,128,445,43.33798,8.764984719101124
394500,Johan Mojica,Colombia,COL,DF,4.7,474,198,43296.39,129,442,43.29639,8.816007013574662
402772,Jesus Gallardo,Mexico,MEX,DF,6.16,395,136,43286.39,130,431,43.28639,9.038921345707656
369749,Junior Alonso,Paraguay,PAR,DF,5.96,457,123,43140.24,131,456,43.14024,8.51452105263158
430442,Harry Souttar,Australia,AUS,DF,5.87,370,82,43035.91,132,438,43.03591,8.842995205479452
433076,Samuel Moutoussamy,Congo DR,COD,MF,7.17,613,169,42992.72,133,360,42.99272,10.74818
419062,Chris Richards,USA,USA,DF,4.91,486,97,42886.99,135,419,42.88699,9.212002625298329
430482,Emam Ashour,Egypt,EGY,MF,6.48,522,185,42840.52,137,395,42.84052,9.761131139240506
489517,Jan Paul Van Hecke,Netherlands,NED,DF,5.92,374,114,42651.39,139,432,42.65139,8.88570625
385259,Konrad Laimer,Austria,AUT,MF,6.21,442,194,42644.73,140,412,42.64473,9.315596359223303
403596,Jorge Sanchez,Mexico,MEX,DF,5.26,485,223,42619.96,141,388,42.61996,9.886073195876289
430690,Moussa Niakhate,Senegal,SEN,DF,5.57,386,119,42611.78,142,459,42.611779999999996,8.355250980392155
401378,Jonathan Tah,Germany,GER,DF,6.1,392,119,42610.17,143,419,42.61017,9.152542482100237
448343,Hans Vanaken,Belgium,BEL,MF,7.1,586,159,42602.58,144,362,42.60258,10.591801657458564
433667,Josip Stanisic,Croatia,CRO,DF,6.19,418,196,42580.9,145,413,42.5809,9.279130750605326
428885,Moises Caicedo,Ecuador,ECU,MF,6.23,505,134,42353.4,147,407,42.3534,9.365616707616708
430718,Fabian Ruiz,Spain,ESP,MF,7.0,518,111,42082.99,149,366,42.082989999999995,10.348276229508196
425701,Johan Vasquez,Mexico,MEX,DF,4.88,449,132,41955.37,151,412,41.95537,9.165008009708739
390238,Tyler Adams,USA,USA,MF,5.07,566,175,41838.77,152,397,41.83877,9.484859697732997
477770,Pico Lopes,Cabo Verde,CPV,DF,5.66,366,99,41751.06,154,445,41.751059999999995,8.444034606741573
358241,Marcel Sabitzer,Austria,AUT,MF,6.03,488,233,41363.96,158,412,41.36396,9.035816504854369
483304,Gustaf Lagerbielke,Sweden,SWE,DF,6.18,436,119,41310.47,159,400,41.31047,9.294855750000002
448171,Josip Sutalo,Croatia,CRO,DF,5.96,410,118,40954.87,160,413,40.95487,8.924790072639226
344661,Ramy Rabia,Egypt,EGY,DF,5.82,435,128,40932.16,161,431,40.93216,8.54731879350348
483497,Fredrik Aursnes,Norway,NOR,MF,6.87,571,173,40597.72,163,355,40.59772,10.29237971830986
426357,Aaron Wan Bissaka,Congo DR,COD,DF,6.07,460,194,40401.23,165,399,40.401230000000005,9.113059398496242
470760,Jhon Arias,Colombia,COL,MF,5.93,410,159,40007.46,166,405,40.00746,8.890546666666667
448531,Antoine Semenyo,Ghana,GHA,MF,5.78,285,167,39933.84,167,414,39.93384,8.681269565217391
424031,Piero Hincapie,Ecuador,ECU,DF,6.35,420,192,39830.97,168,376,39.83097,9.534008776595744
332314,Idrissa Gana Gueye,Senegal,SEN,MF,5.81,449,140,39822.15,169,411,39.82215,8.720178832116789
441067,Stefan Posch,Austria,AUT,DF,6.43,479,164,39797.88,170,370,39.79788,9.680565405405405
441333,Gideon Mensah,Ghana,GHA,DF,5.74,365,158,39697.98,171,414,39.69798,8.629995652173912
441088,Nicolas Seiwald,Austria,AUT,MF,6.65,491,132,39640.15,172,361,39.64015,9.882585872576177
489688,Yasin Ayari,Sweden,SWE,MF,6.4,434,109,39607.81,173,371,39.60781,9.608363611859838
477852,Kevin Pina,Cabo Verde,CPV,MF,6.07,388,116,39576.48,174,389,39.576480000000004,9.15651208226221
506039,Ime Okon,South Africa,RSA,DF,5.9,460,183,39562.72,175,402,39.56272,8.857325373134328
401448,Denis Zakaria,Switzerland,SUI,MF,4.05,393,168,39537.36,176,392,39.53736,9.077455102040815
403274,Hiroki Ito,Japan,JPN,DF,5.85,358,119,39533.62,177,405,39.53362,8.785248888888889
485066,Petar Sucic,Croatia,CRO,MF,7.0,548,158,39444.7,178,338,39.4447,10.503026627218935
463218,Khuliso Mudau,South Africa,RSA,DF,5.83,399,189,39120.48,180,402,39.12048,8.758316417910448
433195,Nuno Mendes,Portugal,POR,DF,5.23,382,160,39049.58,181,447,39.04958,7.862331543624162
448103,Fabian Rieder,Switzerland,SUI,MF,6.04,566,179,38929.3,182,332,38.929300000000005,10.553123493975905
448557,Daichi Kamada,Japan,JPN,MF,6.49,423,128,38789.21,184,359,38.78921,9.724314484679665
422657,Frenkie De Jong,Netherlands,NED,MF,6.5,424,109,38652.6,185,360,38.6526,9.66315
448607,Chadi Riad,Morocco,MAR,DF,3.94,393,99,38595.32,186,390,38.59532,8.906612307692308
430452,Connor Metcalfe,Australia,AUS,MF,6.49,513,175,38524.77,187,354,38.52477,9.794433050847456
431230,Noor Alrawabdeh,Jordan,JOR,MF,7.46,635,142,38422.0,188,309,38.422,11.190873786407765
403063,Axel Tuanzebe,Congo DR,COD,DF,5.59,311,128,38203.61,189,409,38.20361,8.406662347188263
397786,Virgil Van Dijk,Netherlands,NED,DF,5.3,292,100,38197.13,190,432,38.197129999999994,7.957735416666665
511009,Rafik Belghali,Algeria,ALG,DF,6.27,480,170,38083.65,191,362,38.08365,9.468310773480662
339510,Tim Ream,USA,USA,DF,4.36,432,109,38063.62,192,419,38.06362,8.175956563245823
404353,Leroy Sane,Germany,GER,MF,6.38,477,221,38060.03,193,360,38.06003,9.5150075
376230,Sead Kolasinac,Bosnia and Herzegovina,BIH,DF,6.09,339,142,38026.39,194,373,38.02639,9.17526836461126
484849,Aleksandar Pavlovic,Germany,GER,MF,7.64,597,165,38018.1,195,300,38.0181,11.405429999999997
395050,Aubrey Modiba,South Africa,RSA,DF,5.96,442,154,37864.78,197,381,37.864779999999996,8.94443622047244
376285,Aissa Mandi,Algeria,ALG,DF,5.62,331,81,37858.06,198,403,37.858059999999995,8.454653598014888
482774,Martin Baturina,Croatia,CRO,MF,6.58,489,175,37805.67,200,344,37.80567,9.891018313953488
514166,Nathan Ngoy,Belgium,BEL,DF,4.75,353,112,37462.64,203,376,37.46264,8.967121276595744
430176,Ryan Gravenberch,Netherlands,NED,MF,5.99,443,129,37432.87,204,374,37.43287,9.00790989304813
463128,Diego Gomez,Paraguay,PAR,MF,6.73,492,179,37311.9,205,332,37.3119,10.114671686746988
395283,Victor Lindelof,Sweden,SWE,DF,5.72,315,101,37262.4,206,390,37.2624,8.599015384615385
405522,Keito Nakamura,Japan,JPN,MF,6.72,497,180,36946.02,207,330,36.94602,10.076187272727273
423522,Jordan Bos,Australia,AUS,DF,6.41,396,223,36920.34,208,343,36.920339999999996,9.6875527696793
406280,Sergino Dest,USA,USA,DF,6.75,464,210,36917.8,209,335,36.9178,9.918214925373134
356532,Chancel Mbemba,Congo DR,COD,DF,5.4,347,135,36904.51,210,409,36.90451,8.120796821515892
368649,Joao Cancelo,Portugal,POR,DF,6.46,388,151,36826.9,211,342,36.8269,9.691289473684211
483276,Gabriel Gudmundsson,Sweden,SWE,DF,6.21,340,137,36816.96,212,356,36.81696,9.307658426966292
442434,Lewis Ferguson,Scotland,SCO,MF,7.16,451,119,36575.01,214,306,36.57501,10.757355882352941
241559,Luka Modric,Croatia,CRO,MF,6.08,401,122,36541.56,215,360,36.54156,9.13539
418963,Facundo Medina,Argentina,ARG,DF,3.78,409,121,36406.07,216,350,36.40607,9.361560857142857
439641,Reece James,England,ENG,DF,3.75,333,131,36392.78,217,368,36.39278,8.900408152173913
433787,Scott Mctominay,Scotland,SCO,MF,7.12,483,135,36353.67,218,306,36.35367,10.692255882352942
489520,Nikola Katic,Bosnia and Herzegovina,BIH,DF,6.17,419,139,36234.39,219,353,36.23439,9.238229745042492
395113,Ramy Bensebaini,Algeria,ALG,DF,5.3,301,122,35700.14,221,403,35.70014,7.972735980148883
504199,Mbekezeli Mbokazi,South Africa,RSA,DF,5.31,336,138,35585.09,224,402,35.585089999999994,7.96681119402985
448290,Willian Pacho,Ecuador,ECU,DF,5.2,284,119,35347.02,226,407,35.34701999999999,7.816294348894347
384797,Ramin Rezaeian,IR Iran,IRN,DF,6.79,458,170,34994.84,228,309,34.994839999999996,10.192671844660193
511015,Nathaniel Brown,Germany,GER,DF,4.93,354,129,34794.69,231,319,34.79469,9.816683699059562
402893,Mathias Olivera,Uruguay,URU,DF,6.63,458,126,34595.17,232,313,34.595169999999996,9.947492971246005
479294,Kaishu Sano,Japan,JPN,MF,5.11,411,114,34501.68,233,303,34.50168,10.248023762376237
472908,Vladimir Coufal,Czechia,CZE,DF,6.82,443,154,34224.86,235,301,34.22486,10.23334684385382
506279,Caleb Yirenkyi,Ghana,GHA,MF,6.84,460,136,34220.54,236,307,34.22054,10.03208013029316
369434,John Stones,England,ENG,DF,3.32,345,93,34211.7,237,380,34.2117,8.10277105263158
489300,Martin Experience,Haiti,HAI,DF,6.65,447,187,33997.02,238,306,33.99702,9.999123529411765
486147,Noah Sadiki,Congo DR,COD,MF,6.86,420,141,33931.45,239,297,33.93145,10.282257575757574
477847,Steven Moreira,Cabo Verde,CPV,DF,6.63,313,113,33908.12,240,346,33.908120000000004,8.820031213872833
430831,Ibrahim Sangare,Côte d'Ivoire,CIV,MF,6.63,387,110,33681.96,241,305,33.68196,9.93893901639344
269058,James Rodriguez,Colombia,COL,MF,5.95,357,56,33663.08,242,338,33.66308,8.96354201183432
386538,Rodrigo Bentancur,Uruguay,URU,MF,6.44,352,145,33644.76,243,313,33.644760000000005,9.674212140575081
379939,Nabil Bentaleb,Algeria,ALG,MF,6.59,405,115,33625.87,245,313,33.625870000000006,9.668780511182112
418729,Carlos Harvey,Panama,PAN,DF,6.82,446,118,33573.58,246,295,33.57358,10.242787118644069
371958,Derek Cornelius,Canada,CAN,DF,4.58,368,106,33569.61,248,351,33.56961,8.607592307692308
429642,Jamal Musiala,Germany,GER,MF,6.61,412,140,33546.51,249,305,33.546510000000005,9.898970163934427
405454,Elijah Just,New Zealand,NZL,MF,6.88,460,178,33430.3,251,291,33.4303,10.339268041237114
492363,Felix Nmecha,Germany,GER,MF,6.64,442,141,33325.14,253,299,33.32514,10.030978595317725
369761,Miguel Almiron,Paraguay,PAR,MF,6.51,357,129,33177.48,254,306,33.17748,9.758082352941177
466838,Danley Jean Jacques,Haiti,HAI,MF,6.87,470,138,33149.8,255,288,33.149800000000006,10.359312500000001
431202,Omar Alderete,Paraguay,PAR,DF,4.35,271,94,33031.77,256,363,33.031769999999995,8.189695041322313
423595,Marko Stamenic,New Zealand,NZL,MF,6.52,415,133,32898.29,259,302,32.89829,9.804126158940397
430631,Nico Gonzalez,Argentina,ARG,MF,5.32,322,153,32891.62,260,324,32.89162,9.136561111111112
430477,Ahmed Fatouh,Egypt,EGY,DF,3.93,408,166,32856.27,261,301,32.856269999999995,9.824133887043187
371736,Saeid Ezatolahi,IR Iran,IRN,MF,6.6,406,65,32836.4,262,298,32.836400000000005,9.917033557046981
430763,Luis Romo,Mexico,MEX,MF,5.53,483,143,32815.01,263,284,32.81501,10.399122887323944
436572,Arthur Masuaku,Congo DR,COD,DF,5.79,343,114,32800.85,264,340,32.80085,8.682577941176469
368660,Guillermo Varela,Uruguay,URU,DF,6.27,352,149,32750.8,265,313,32.7508,9.417162939297125
391646,Ritsu Doan,Japan,JPN,MF,6.63,346,152,32576.29,267,295,32.57629,9.938529152542372
339987,Mateo Kovacic,Croatia,CRO,MF,6.73,354,108,32503.08,268,293,32.503080000000004,9.983881228668944
395084,Hwang Inbeom,Korea Republic,KOR,MF,6.78,372,97,32488.04,269,286,32.48804,10.22350909090909
401894,Jamiro Monteiro,Cabo Verde,CPV,MF,6.17,339,109,32481.15,270,314,32.48115,9.309883757961783
441170,Ladislav Krejci,Czechia,CZE,DF,6.46,373,81,32407.75,271,301,32.40775,9.690024916943521
430697,Jean Ricner Bellegarde,Haiti,HAI,MF,6.64,431,112,32370.02,272,292,32.370020000000004,9.977060958904111
430407,Daizen Maeda,Japan,JPN,MF,5.36,432,239,32326.01,273,271,32.32601,10.735575276752767
430733,Mikel Merino,Spain,ESP,MF,7.66,568,142,32157.77,274,262,32.15777,11.046562213740458
390181,Joe Bell,New Zealand,NZL,MF,7.04,472,112,32154.28,275,275,32.15428,10.52321890909091
431858,Rayan Ait Nouri,Algeria,ALG,DF,5.89,355,157,32073.2,277,315,32.0732,9.16377142857143
433534,Nizar Alrashdan,Jordan,JOR,MF,6.62,407,103,31944.15,278,289,31.94415,9.948005190311418
494248,Thalente Mbatha,South Africa,RSA,MF,6.41,446,145,31917.63,279,293,31.917630000000003,9.804050170648464
479389,Mohannad Abutaha,Jordan,JOR,MF,6.46,423,170,31861.4,280,296,31.8614,9.687587837837837
385031,Amir Murillo,Panama,PAN,DF,6.27,332,156,31781.32,282,303,31.78132,9.43999603960396
494626,Andreas Schjelderup,Norway,NOR,MF,6.44,384,137,31621.18,283,297,31.62118,9.582175757575758
489603,Ali Nemati,IR Iran,IRN,DF,6.14,369,108,31613.92,284,309,31.613919999999997,9.20793786407767
464842,Lamine Camara,Senegal,SEN,MF,6.56,453,176,31487.71,287,287,31.48771,9.874194773519164
355775,Jackson Irvine,Australia,AUS,MF,7.47,495,125,31483.15,288,255,31.483150000000002,11.1117
479072,Merchas Doski,Iraq,IRQ,DF,6.21,307,128,31441.23,289,303,31.44123,9.338979207920792
463283,Romano Schmid,Austria,AUT,MF,6.71,439,161,31408.46,291,283,31.408459999999998,9.988556183745583
486317,Guela Doue,Côte d'Ivoire,CIV,DF,6.19,353,132,31331.08,292,311,31.33108,9.066872025723473
433378,Hannibal Mejbri,Tunisia,TUN,MF,6.27,368,102,31221.09,293,298,31.22109,9.429188255033557
411226,Djibril Sow,Switzerland,SUI,MF,4.57,421,147,31183.47,295,276,31.18347,10.168522826086956
423874,Lee Hanbeom,Korea Republic,KOR,DF,6.23,365,107,31151.94,296,300,31.15194,9.345582
507253,Kwasi Sibo,Ghana,GHA,MF,6.63,447,96,31122.82,297,282,31.12282,9.93281489361702
395516,Cesar Montes,Mexico,MEX,DF,5.3,267,84,31113.19,298,349,31.11319,8.023458739255014
520039,Marvin Senaya,Ghana,GHA,DF,5.77,285,171,31108.53,299,312,31.10853,8.973614423076922
477827,Deroy Duarte,Cabo Verde,CPV,MF,6.26,323,73,31052.7,301,300,31.0527,9.31581
369089,Thomas Partey,Ghana,GHA,MF,4.54,359,77,31028.86,302,307,31.02886,9.096408469055374
403616,Teboho Mokoena,South Africa,RSA,MF,6.15,423,121,30982.52,303,301,30.98252,9.263876411960133
477832,Sidny Lopes Cabral,Cabo Verde,CPV,DF,5.79,257,117,30954.32,304,324,30.95432,8.598422222222222
463580,Finn Surman,New Zealand,NZL,DF,6.05,310,103,30931.08,305,306,30.93108,9.097376470588236
389437,Ehsan Haddad,Jordan,JOR,DF,6.44,384,118,30918.71,306,287,30.91871,9.695762717770036
492315,Lee Gihyuk,Korea Republic,KOR,MF,6.18,388,125,30898.48,307,300,30.89848,9.269544
400416,Edgar Yoel Barcenas,Panama,PAN,MF,6.75,426,101,30790.0,308,272,30.79,10.187867647058823
448497,Mohammad Mohebbi,IR Iran,IRN,MF,6.83,470,170,30775.81,309,271,30.77581,10.220748708487084
418715,Jose Cordoba,Panama,PAN,DF,6.07,315,114,30753.8,310,303,30.7538,9.134792079207921
433361,Anis Slimane,Tunisia,TUN,MF,7.16,408,123,30657.94,312,257,30.65794,10.736243579766537
483966,Benjamin Tahirovic,Bosnia and Herzegovina,BIH,MF,6.92,429,116,30616.63,313,266,30.61663,10.35901015037594
482976,Amar Dedic,Bosnia and Herzegovina,BIH,DF,4.44,356,141,30604.3,314,310,30.6043,8.885119354838709
429608,Seol Youngwoo,Korea Republic,KOR,DF,6.66,309,155,30578.14,316,274,30.578139999999998,10.043914598540145
433074,Amir Alammari,Iraq,IRQ,MF,6.6,383,104,30575.01,317,279,30.57501,9.862906451612902
430147,Jack Hendry,Scotland,SCO,DF,5.98,349,123,30532.32,318,306,30.53232,8.980094117647058
484082,Abdulkerim Bardakci,Türkiye,TUR,DF,6.08,258,93,30419.01,319,300,30.41901,9.125703000000001
441240,Andres Andrade,Panama,PAN,DF,6.0,322,117,30384.6,321,303,30.3846,9.025128712871286
419108,Sebastian Caceres,Uruguay,URU,DF,5.81,303,98,30359.66,322,313,30.359659999999998,8.729614696485623
520036,Paul Wanner,Austria,AUT,MF,6.64,392,115,30227.02,323,270,30.22702,10.075673333333333
448363,Hannes Delcroix,Haiti,HAI,DF,5.87,298,89,30006.24,325,306,30.006240000000002,8.825364705882354
433380,Montassar Talbi,Tunisia,TUN,DF,6.02,275,77,29945.79,326,298,29.945790000000002,9.044030536912752
433362,Ali Abdi,Tunisia,TUN,DF,6.13,343,150,29932.97,327,293,29.93297,9.194427645051194
477825,Odilon Kossounou,Côte d'Ivoire,CIV,DF,5.86,287,79,29901.79,328,316,29.901790000000002,8.516332594936708
466350,Sherel Floranus,Curaçao,CUW,DF,5.97,320,116,29893.73,329,300,29.893729999999998,8.968119
371348,Otabek Shukurov,Uzbekistan,UZB,MF,6.72,378,85,29888.17,330,268,29.88817,10.037072014925373
310116,Nicolas Otamendi,Argentina,ARG,DF,5.07,336,89,29858.94,331,308,29.858939999999997,8.725014935064936
419281,Saud Abdulhamid,Saudi Arabia,KSA,DF,5.93,324,150,29778.02,333,300,29.77802,8.933406000000002
494625,Marcus Holmgren Pedersen,Norway,NOR,DF,4.34,322,137,29767.17,334,273,29.767169999999997,9.813352747252747
408042,Theo Hernandez,France,FRA,DF,3.88,288,134,29720.25,335,296,29.72025,9.0365625
407343,Ghislain Konan,Côte d'Ivoire,CIV,DF,4.39,323,120,29623.54,336,303,29.623540000000002,8.799071287128713
316002,David Alaba,Austria,AUT,DF,5.93,297,70,29617.98,337,302,29.61798,8.826550331125828
395581,Cristian Martinez,Panama,PAN,MF,6.73,319,147,29553.99,338,264,29.553990000000002,10.075223863636364
430671,Ismail Jakobs,Senegal,SEN,DF,5.11,384,141,29465.19,340,257,29.46519,10.318549027237355
466340,Leandro Bacuna,Curaçao,CUW,MF,5.88,315,88,29455.81,341,300,29.45581,8.836742999999998
486080,Robin Hranac,Czechia,CZE,DF,5.86,311,94,29418.45,344,301,29.41845,8.796214285714285
431788,Pape Gueye,Senegal,SEN,MF,6.87,356,114,29411.07,346,257,29.41107,10.299596498054473
486150,Jerome Opoku,Ghana,GHA,DF,4.21,230,74,29365.82,347,313,29.36582,8.443846006389776
411658,Ellyes Skhiri,Tunisia,TUN,MF,6.61,286,59,29334.81,349,267,29.33481,9.888138202247191
419189,Yan Valery,Tunisia,TUN,DF,6.39,296,130,29256.28,350,274,29.25628,9.60972700729927
477470,Oscar Bobb,Norway,NOR,MF,6.43,334,136,29207.95,351,279,29.20795,9.42191935483871
512791,Issa Laye,Qatar,QAT,DF,5.61,338,88,29038.33,352,310,29.038330000000002,8.430482903225807
448174,Marin Pongracic,Croatia,CRO,DF,4.19,280,102,28983.18,353,311,28.98318,8.387415434083602
275917,Ricardo Ade,Haiti,HAI,DF,5.64,310,95,28826.94,354,306,28.82694,8.478511764705882
346743,Shoja Khalilzadeh,IR Iran,IRN,DF,5.59,255,78,28814.55,355,309,28.81455,8.392587378640776
494989,Livano Comenencia,Curaçao,CUW,MF,6.88,342,117,28808.06,356,253,28.80806,10.247926482213439
379955,Antonio Ruediger,Germany,GER,DF,5.87,258,72,28802.14,357,300,28.802139999999998,8.640642
484022,Tarik Muharemovic,Bosnia and Herzegovina,BIH,DF,5.92,279,78,28776.65,359,292,28.77665,8.869515410958904
466317,Juninho Bacuna,Curaçao,CUW,MF,6.17,305,142,28744.95,360,280,28.74495,9.239448214285714
385531,Xaver Schlager,Austria,AUT,MF,6.62,371,91,28614.03,362,265,28.61403,9.717972452830189
400634,Edson Alvarez,Mexico,MEX,DF,4.8,342,104,28527.89,363,278,28.52789,9.235647841726617
486268,Emmanuel Agbadou,Côte d'Ivoire,CIV,DF,4.16,250,72,28516.79,364,308,28.51679,8.332828246753248
401334,John Mcginn,Scotland,SCO,MF,6.15,331,98,28477.11,365,277,28.47711,9.252490613718411
418490,Lee Kangin,Korea Republic,KOR,MF,5.68,264,69,28433.53,366,300,28.433529999999998,8.530059
431225,Yazan Alarab,Jordan,JOR,DF,5.49,258,78,28270.79,368,309,28.27079,8.234210679611651
402876,Agustin Canobbio,Uruguay,URU,MF,6.44,348,162,28186.33,369,261,28.18633,9.719424137931036
390475,Sphephelo Sithole,South Africa,RSA,MF,6.6,463,119,28152.2,370,252,28.1522,10.054357142857143
499912,Sebastian Berhalter,USA,USA,MF,7.36,443,111,28137.58,372,231,28.137580000000003,10.962693506493508
481183,Akam Hashim,Iraq,IRQ,DF,5.56,270,79,28097.87,374,303,28.09787,8.34590198019802
403319,Nasser Aldawsari,Saudi Arabia,KSA,MF,7.14,499,150,28038.3,376,230,28.0383,10.971508695652174
464924,Abdukodir Khusanov,Uzbekistan,UZB,DF,5.37,218,93,27912.88,379,311,27.91288,8.07768231511254
419100,Maxi Araujo,Uruguay,URU,MF,5.96,308,129,27642.83,382,278,27.64283,8.94911762589928
433585,Ibrahim Bayesh,Iraq,IRQ,MF,6.37,331,112,27586.07,383,259,27.58607,9.58589305019305
411726,Lucas Paqueta,Brazil,BRA,MF,5.17,335,123,27561.36,384,255,27.56136,9.727538823529411
479106,Akmal Mozgovoy,Uzbekistan,UZB,MF,6.81,361,94,27540.59,385,243,27.54059,10.20021851851852
389784,Alan Franco,Ecuador,ECU,MF,6.1,307,134,27468.83,386,270,27.46883,9.156276666666667
494640,Amar Memic,Bosnia and Herzegovina,BIH,MF,6.46,306,152,27462.49,387,254,27.462490000000003,9.730803543307086
390209,Sarpreet Singh,New Zealand,NZL,MF,7.24,381,118,27406.52,388,227,27.40652,10.86602114537445
448140,Micky Van De Ven,Netherlands,NED,DF,4.22,245,92,27342.03,389,291,27.342029999999998,8.45629793814433
485347,Tahith Chong,Curaçao,CUW,MF,6.14,293,107,27318.08,390,267,27.318080000000002,9.208341573033708
448346,Arthur Theate,Belgium,BEL,DF,3.15,249,82,27207.18,392,268,27.20718,9.136739552238806
358122,Thomas Meunier,Belgium,BEL,DF,3.58,363,157,27147.57,393,226,27.147569999999998,10.810979203539823
429095,Hamdy Fathy,Egypt,EGY,MF,4.96,328,96,27077.98,395,260,27.07798,9.373146923076924
371415,Rustam Ashurmatov,Uzbekistan,UZB,DF,5.62,288,80,27011.42,396,288,27.011419999999998,8.44106875
433527,Abdallah Nasib,Jordan,JOR,DF,5.62,269,86,26869.89,398,287,26.869889999999998,8.426097909407664
349342,Aziz Behich,Australia,AUS,DF,5.04,341,105,26853.33,399,245,26.853330000000003,9.864488571428573
395088,Kim Minjae,Korea Republic,KOR,DF,5.97,264,91,26815.14,400,268,26.81514,9.005084328358208
511141,Armando Obispo,Curaçao,CUW,DF,5.34,189,65,26713.78,401,300,26.71378,8.014133999999999
494458,Ngalayel Mukau,Congo DR,COD,MF,7.25,383,105,26619.43,403,220,26.61943,10.889766818181819
405881,Maxence Lacroix,France,FRA,DF,2.18,280,93,26505.73,404,276,26.50573,8.643172826086957
416051,Pedro Miguel,Qatar,QAT,DF,5.13,229,76,26501.54,405,310,26.501540000000002,7.693995483870968
405469,Liberato Cacace,New Zealand,NZL,DF,6.67,350,111,26344.8,406,237,26.3448,10.004354430379745
402926,Gonzalo Montiel,Argentina,ARG,DF,4.96,330,106,26323.98,407,241,26.32398,9.830531950207467
494351,Jonas Adjetey,Ghana,GHA,DF,4.59,260,87,26258.63,409,257,26.25863,9.195629182879378
411644,Saman Ghoddos,IR Iran,IRN,MF,6.9,338,99,26206.79,410,228,26.20679,10.34478552631579
372436,Ivan Sunjic,Bosnia and Herzegovina,BIH,MF,7.03,401,113,26105.55,411,221,26.10555,10.631219457013575
390537,Milad Mohammadi,IR Iran,IRN,DF,6.7,299,142,26000.62,412,235,26.000619999999998,9.957684255319148
498421,Paul Okon Engstler,Australia,AUS,MF,7.39,365,108,25987.7,413,214,25.9877,10.929406542056075
402884,Federico Valverde,Uruguay,URU,MF,5.78,228,99,25916.6,414,272,25.9166,8.575345588235294
411176,Jose Luis Rodriguez,Panama,PAN,MF,6.2,305,109,25899.78,415,251,25.89978,9.286773705179282
476348,Damian Bobadilla,Paraguay,PAR,MF,6.04,336,98,25835.61,416,216,25.83561,10.764837499999999
500037,Gilberto Mora,Mexico,MEX,MF,5.16,370,125,25800.25,418,236,25.80025,9.839078389830508
405263,Kevin Danso,Austria,AUT,DF,5.48,266,95,25685.71,419,284,25.68571,8.139837676056338
473113,Eberechi Eze,England,ENG,MF,3.94,325,106,25575.26,421,247,25.57526,9.31892064777328
506471,Deveron Fonville,Curaçao,CUW,DF,5.89,239,132,25516.75,422,260,25.51675,8.832721153846153
407993,Mohamed Kanno,Saudi Arabia,KSA,MF,5.97,287,88,25496.47,423,256,25.496470000000002,8.963602734375002
385067,Boualem Khoukhi,Qatar,QAT,DF,4.92,226,62,25410.03,425,310,25.41003,7.3771054838709675
401339,Andy Robertson,Scotland,SCO,DF,5.92,246,107,25387.97,426,255,25.387970000000003,8.960460000000001
486875,Gustavo Velazquez,Paraguay,PAR,DF,5.35,197,66,25381.16,427,293,25.38116,7.796260750853243
464933,Abbosbek Fayzullaev,Uzbekistan,UZB,MF,6.32,341,141,25301.81,429,240,25.30181,9.488178750000001
403312,Abdulelah Alamri,Saudi Arabia,KSA,DF,5.67,252,89,25207.74,431,268,25.20774,8.465285820895524
502945,Alexander Bernhardsson,Sweden,SWE,DF,4.85,268,90,25109.78,434,233,25.109779999999997,9.699056652360515
419134,Juan Manuel Sanabria,Uruguay,URU,MF,6.35,320,129,25094.45,435,237,25.094450000000002,9.529537974683544
331463,Tim Payne,New Zealand,NZL,DF,6.23,309,105,25040.85,436,241,25.04085,9.351354771784232
441261,Israel Reyes,Mexico,MEX,DF,5.16,272,65,24823.63,437,237,24.82363,9.426694936708861
390541,Shogo Taniguchi,Japan,JPN,DF,4.15,189,56,24756.98,438,267,24.75698,8.345049438202247
464533,Brian Gutierrez,Mexico,MEX,MF,5.15,334,112,24453.57,439,226,24.45357,9.738147345132743
395321,Junya Ito,Japan,JPN,MF,5.88,233,108,24421.93,440,242,24.42193,9.082535950413222
502727,Johan Manzambi,Switzerland,SUI,MF,4.4,345,113,24380.51,441,220,24.380509999999997,9.973844999999999
514208,Christ Inao Oulai,Côte d'Ivoire,CIV,MF,6.06,261,70,24246.36,443,240,24.24636,9.092384999999998
434026,Zidane Iqbal,Iraq,IRQ,MF,6.85,352,61,24227.99,444,210,24.227990000000002,10.383424285714286
433668,Michal Sadilek,Czechia,CZE,MF,7.16,385,125,24212.55,445,204,24.21255,10.682007352941177
369304,Hakan Calhanoglu,Türkiye,TUR,MF,4.59,319,72,24004.04,448,208,24.00404,10.386363461538462
402817,Paik Seungho,Korea Republic,KOR,MF,6.66,269,63,23909.61,449,216,23.90961,9.9623375
489689,Lucas Bergvall,Sweden,SWE,MF,6.93,283,89,23862.93,451,207,23.86293,10.375186956521738
494293,Chemsdine Talbi,Morocco,MAR,MF,5.75,280,128,23817.14,452,217,23.81714,9.878076497695853
423941,Nathan Saliba,Canada,CAN,MF,4.12,386,122,23647.54,457,206,23.64754,10.331449514563108
411624,Abdullah Alkhaibari,Saudi Arabia,KSA,MF,7.08,345,76,23607.42,459,203,23.607419999999998,10.46634384236453
463465,Joel Ordonez,Ecuador,ECU,DF,4.18,227,82,23576.79,460,253,23.576790000000003,8.387000395256917
400514,Ao Tanaka,Japan,JPN,MF,4.57,285,67,23492.09,462,225,23.49209,9.396836
483526,Tijjani Reijnders,Netherlands,NED,MF,4.97,286,95,23300.38,466,211,23.30038,9.938550710900474
504931,Lucas Herrington,Australia,AUS,DF,2.98,210,41,23286.35,467,232,23.28635,9.033497844827586
403335,Hassan Altambakti,Saudi Arabia,KSA,DF,5.62,252,67,22701.97,474,237,22.701970000000003,8.621001265822786
356412,Silvan Widmer,Switzerland,SUI,DF,5.55,290,97,22662.91,477,210,22.66291,9.712675714285714
424071,Anass Salah Eddine,Morocco,MAR,DF,3.78,201,77,22567.1,478,240,22.5671,8.4626625
419303,Moteb Alharbi,Saudi Arabia,KSA,DF,6.75,235,107,22511.24,480,213,22.51124,9.511791549295774
483312,Isak Hien,Sweden,SWE,DF,4.32,173,69,22458.49,481,237,22.45849,8.528540506329113
495046,Mauricio,Paraguay,PAR,MF,5.19,321,110,22291.21,482,208,22.29121,9.645235096153847
382739,Marcos Llorente,Spain,ESP,DF,2.42,218,94,22236.39,483,217,22.23639,9.22246589861751
261367,Michael Boxall,New Zealand,NZL,DF,5.59,181,75,22180.78,484,237,22.18078,8.423081012658226
482974,Ivan Basic,Bosnia and Herzegovina,BIH,MF,4.87,270,63,22053.62,485,200,22.05362,9.924128999999999
425607,Mohamed Amine Ben Hmida,Tunisia,TUN,DF,5.95,167,70,22028.58,486,221,22.02858,8.970914932126698
409191,Nikola Vlasic,Croatia,CRO,MF,5.15,263,96,22011.41,487,204,22.01141,9.710916176470588
464865,El Hadji Malick Diouf,Senegal,SEN,DF,4.77,268,97,21779.39,489,202,21.77939,9.703688613861386
479075,Sherzod Nasrullaev,Uzbekistan,UZB,DF,6.23,232,95,21551.92,491,206,21.55192,9.415887378640775
480966,Laros Duarte,Cabo Verde,CPV,MF,6.95,252,66,21530.22,492,187,21.53022,10.362137967914439
448825,Pathe Ciss,Senegal,SEN,MF,6.06,190,63,21513.7,494,232,21.5137,8.345831896551724
466585,Moise Bombito,Canada,CAN,DF,3.44,212,72,21226.71,496,221,21.22671,8.644361538461538
441179,Merih Demiral,Türkiye,TUR,DF,4.05,153,57,21211.19,497,208,21.21119,9.17791875
430698,Houssem Aouar,Algeria,ALG,MF,5.03,253,83,21136.93,499,191,21.13693,9.95980994764398
441623,Manuel Ugarte,Uruguay,URU,MF,6.4,239,72,21107.39,500,197,21.10739,9.642970050761422
433147,Michel Aebischer,Switzerland,SUI,MF,4.86,321,117,21047.55,502,176,21.047549999999998,10.762951704545452
433694,Nathan Patterson,Scotland,SCO,DF,6.3,203,86,21036.01,503,204,21.036009999999997,9.280592647058821
403289,Takehiro Tomiyasu,Japan,JPN,DF,4.81,202,53,21029.22,504,208,21.029220000000002,9.099181730769232
430450,Jacob Italiano,Australia,AUS,DF,3.45,279,121,20985.37,505,183,20.98537,10.320673770491803
436537,Musab Aljuwayr,Saudi Arabia,KSA,MF,7.55,326,85,20967.44,507,167,20.96744,11.299817964071856
390196,Callum Mccowatt,New Zealand,NZL,MF,7.24,334,110,20963.57,508,173,20.96357,10.905903468208093
372243,Philipp Lienhart,Austria,AUT,DF,3.03,212,58,20886.37,510,207,20.88637,9.081030434782608
431861,Rayan Cherki,France,FRA,MF,6.55,300,105,20751.4,511,169,20.7514,11.051041420118343
463809,Jarell Quansah,England,ENG,DF,2.96,220,86,20672.41,514,208,20.67241,8.94479278846154
475260,Behruzjon Karimov,Uzbekistan,UZB,DF,4.08,233,107,20671.11,515,203,20.671110000000002,9.164531527093597
433161,Edo Kayembe,Congo DR,COD,MF,5.34,297,86,20579.44,517,177,20.579439999999998,10.464122033898304
519958,Elliot Stroud,Sweden,SWE,DF,6.96,251,94,20520.74,518,183,20.52074,10.092167213114754
433367,Omar Rekik,Tunisia,TUN,DF,4.08,199,66,20477.26,519,200,20.477259999999998,9.214766999999998
407022,Karim Hafez,Egypt,EGY,DF,4.13,252,76,20427.22,521,198,20.427220000000002,9.285100000000002
489521,Stjepan Radeljic,Bosnia and Herzegovina,BIH,DF,2.86,186,63,20111.1,525,211,20.111099999999997,8.578194312796207
489550,Husam Abudahab,Jordan,JOR,DF,4.16,206,75,19848.59,527,190,19.84859,9.401963684210527
473050,Richard Rios,Colombia,COL,MF,6.79,290,111,19796.25,529,175,19.79625,10.180928571428572
359634,Grant Hanley,Scotland,SCO,DF,3.88,173,45,19774.95,530,203,19.77495,8.767219211822662
479042,Abdulla Abdullaev,Uzbekistan,UZB,DF,3.82,191,57,19761.96,531,206,19.76196,8.633866019417475
523097,Alexandr Sojka,Czechia,CZE,MF,8.04,321,108,19628.07,532,155,19.62807,11.396943870967743
484113,Ferdi Kadioglu,Türkiye,TUR,DF,4.36,218,101,19552.43,533,179,19.55243,9.830830726256984
504329,Steve Kapuadi,Congo DR,COD,DF,2.9,211,60,19496.83,535,201,19.496830000000003,8.729923880597015
485767,Redouane Halhal,Morocco,MAR,DF,1.86,154,62,19377.5,537,208,19.3775,8.384495192307693
433118,Orkun Kokcu,Türkiye,TUR,MF,6.6,207,67,19220.02,539,172,19.22002,10.056987209302326
419068,Giovanni Reyna,USA,USA,MF,8.06,315,71,19203.54,541,155,19.20354,11.150442580645162
441259,Liam Millar,Canada,CAN,MF,3.93,243,114,19176.61,542,176,19.17661,9.806221022727273
431781,Jean Kevin Duverne,Haiti,HAI,DF,4.12,209,82,19174.4,543,186,19.174400000000002,9.27793548387097
401023,Joshua Brenet,Curaçao,CUW,DF,3.96,191,97,19154.29,544,193,19.15429,8.932052331606217
433072,Zeki Celik,Türkiye,TUR,DF,4.4,224,87,19112.83,545,173,19.112830000000002,9.943090751445089
502946,Benjamin Nygren,Sweden,SWE,MF,7.73,282,104,18972.62,548,149,18.97262,11.459971812080536
372266,Sofyan Amrabat,Morocco,MAR,MF,3.24,263,81,18860.83,552,175,18.86083,9.699855428571428
424119,Nathanael Mbuku,Congo DR,COD,MF,5.33,243,74,18838.49,553,163,18.83849,10.401620245398775
441341,Elisha Owusu,Ghana,GHA,MF,5.07,262,74,18829.07,554,166,18.829069999999998,10.208531927710842
448180,Josko Gvardiol,Croatia,CRO,DF,6.86,238,88,18796.01,555,177,18.79601,9.557293220338982
405528,Yukinari Sugawara,Japan,JPN,DF,6.28,195,72,18767.61,556,181,18.76761,9.331960773480663
336088,Nathan Ake,Netherlands,NED,DF,4.51,136,49,18580.35,561,189,18.58035,8.847785714285713
336459,Rani Khedira,Tunisia,TUN,MF,7.49,218,49,18577.38,562,162,18.57738,10.320766666666668
480310,Jiovany Ramos,Panama,PAN,DF,3.98,205,63,18498.83,565,186,18.49883,8.951046774193548
419672,Leo Ostigard,Norway,NOR,DF,4.75,165,45,18419.78,567,184,18.41978,9.009675
441242,Cesar Blackman,Panama,PAN,DF,3.91,180,64,18333.59,568,187,18.33359,8.823652941176471
433394,Ahmed Fathy,Qatar,QAT,MF,6.63,312,80,18273.99,569,163,18.27399,10.089933128834357
486130,Habib Diarra,Senegal,SEN,MF,4.92,221,92,18234.36,570,168,18.234360000000002,9.768407142857145
430854,Wilfried Singo,Côte d'Ivoire,CIV,DF,2.88,173,65,18230.23,571,190,18.23023,8.635372105263157
486081,Lukas Cerv,Czechia,CZE,MF,4.24,204,53,18226.25,572,172,18.22625,9.536991279069767
479553,Hussein Ali,Iraq,IRQ,DF,4.18,179,71,18211.32,573,174,18.21132,9.41964827586207
401893,Nuno Da Costa,Cabo Verde,CPV,MF,5.99,185,86,18105.97,574,180,18.105970000000003,9.052985000000001
520037,Derrick Luckassen,Ghana,GHA,DF,2.64,147,39,18059.74,575,205,18.05974,7.928666341463415
397775,Carlens Arcus,Haiti,HAI,DF,6.07,247,86,18006.56,576,171,18.00656,9.477136842105264
404885,Tomas Soucek,Czechia,CZE,MF,7.02,264,57,17938.82,578,152,17.93882,10.621669736842104
463288,Phillip Mwene,Austria,AUT,DF,3.4,189,76,17929.88,579,160,17.92988,10.0855575
485064,Niko Sigur,Canada,CAN,DF,4.53,265,75,17924.01,580,147,17.92401,10.973883673469388
433724,Willy Semedo,Cabo Verde,CPV,MF,5.15,207,90,17802.43,581,156,17.80243,10.270632692307693
386387,Sultan Albrake,Qatar,QAT,DF,4.19,215,70,17683.33,583,167,17.68333,9.529938323353294
441167,Tomas Holes,Czechia,CZE,DF,4.11,203,58,17483.14,586,169,17.48314,9.310547928994083
441350,Hicham Boudaoui,Algeria,ALG,MF,5.55,248,79,17473.1,587,143,17.4731,10.997055944055942
520066,Jose Canale,Paraguay,PAR,DF,4.87,123,37,17328.15,589,198,17.32815,7.876431818181818
431698,Jurien Gaari,Curaçao,CUW,DF,3.83,151,71,17250.25,591,180,17.25025,8.625125
512183,Mohammed Abu Alshamat,Saudi Arabia,KSA,DF,6.75,212,87,17130.45,593,153,17.13045,10.076735294117647
419473,Jassem Gaber,Qatar,QAT,DF,6.14,232,55,17053.08,594,166,17.05308,9.245645783132531
441258,Ismael Kone,Canada,CAN,MF,2.51,198,44,16975.03,596,160,16.97503,9.548454375
484092,Ismail Yuksek,Türkiye,TUR,MF,4.43,156,43,16925.98,597,153,16.92598,9.956458823529411
441135,Jesper Karlstrom,Sweden,SWE,MF,3.44,199,48,16846.98,598,147,16.84698,10.314477551020408
434025,Zaid Tahseen,Iraq,IRQ,DF,4.12,179,49,16808.01,600,165,16.80801,9.168005454545455
448149,Teun Koopmeiners,Netherlands,NED,MF,7.14,228,57,16774.64,601,145,16.774639999999998,10.411845517241378
395212,Nelson Semedo,Portugal,POR,DF,5.02,196,79,16630.4,603,164,16.6304,9.126439024390244
433439,Ali Lajami,Saudi Arabia,KSA,DF,5.8,145,54,16522.11,604,177,16.52211,8.401072881355933
484051,Kenny Mclean,Scotland,SCO,MF,7.3,188,56,16438.49,605,144,16.43849,10.274056250000001
380005,Mario Pasalic,Croatia,CRO,MF,6.43,218,78,16317.24,606,158,16.317239999999998,9.294630379746835
484270,Zaid Ismael,Iraq,IRQ,MF,5.13,243,58,16240.49,607,126,16.24049,11.600350000000002
479079,Khojiakbar Alijonov,Uzbekistan,UZB,DF,4.17,228,87,16085.82,608,155,16.08582,9.340153548387097
339820,Kalidou Koulibaly,Senegal,SEN,DF,2.65,167,44,16073.86,609,181,16.07386,7.992527071823204
395205,Bernardo Silva,Portugal,POR,MF,5.94,253,79,16062.63,610,133,16.06263,10.869448872180449
484011,Lukas Provod,Czechia,CZE,MF,6.94,228,88,16011.22,611,137,16.011219999999998,10.518319708029196
510991,Ayoub Aloui,Qatar,QAT,DF,3.76,170,55,15912.29,613,170,15.91229,8.424153529411765
479086,Azizjon Ganiev,Uzbekistan,UZB,MF,4.49,216,96,15858.11,615,140,15.85811,10.194499285714285
448411,Jacob Shaffelburg,Canada,CAN,MF,7.63,202,106,15826.53,616,126,15.82653,11.304664285714285
356704,Juan Quintero,Colombia,COL,MF,5.25,185,45,15790.25,618,146,15.79025,9.733715753424658
464484,Ismael Gharbi,Tunisia,TUN,MF,6.44,185,65,15753.85,620,142,15.75385,9.984834507042253
441166,Jaroslav Zeleny,Czechia,CZE,DF,4.33,162,69,15481.55,624,142,15.481549999999999,9.81225
430667,Nico Schlotterbeck,Germany,GER,DF,3.07,158,40,15443.46,627,152,15.44346,9.144153947368421
433679,Ramiz Zerrouki,Algeria,ALG,MF,5.59,201,54,15442.6,628,126,15.4426,11.030428571428573
430120,Mert Muldur,Türkiye,TUR,DF,7.5,145,57,15133.29,632,132,15.13329,10.318152272727273
416576,Alvaro Fidalgo,Mexico,MEX,MF,4.72,232,87,15056.33,634,117,15.056329999999999,11.581792307692307
464055,Malo Gusto,France,FRA,DF,4.17,166,78,15037.97,635,143,15.03797,9.464456643356643
382312,Cameron Burgess,Australia,AUS,DF,2.9,147,33,15035.64,636,152,15.035639999999999,8.902681578947368
390534,Hossein Kanani,IR Iran,IRN,DF,3.94,123,27,14749.2,639,154,14.7492,8.619662337662337
386348,Assim Madibo,Qatar,QAT,MF,6.04,208,30,14695.95,640,140,14.69595,9.447396428571428
505097,Samir El Mourabet,Morocco,MAR,MF,6.31,216,85,14604.02,642,121,14.60402,10.862494214876033
390525,Lee Jaesung,Korea Republic,KOR,MF,4.63,205,85,14542.7,643,125,14.5427,10.470744
484065,Eren Elmali,Türkiye,TUR,DF,4.45,135,60,14528.21,644,134,14.52821,9.757752985074626
463236,Jayden Adams,South Africa,RSA,MF,5.27,181,57,14495.71,645,130,14.495709999999999,10.035491538461537
477856,Jovane Cabral,Cabo Verde,CPV,MF,2.92,190,61,14327.66,647,148,14.32766,8.712766216216215
430097,Ryan Christie,Scotland,SCO,MF,7.62,208,53,14260.28,648,114,14.26028,11.258115789473685
483549,Warren Zaire Emery,France,FRA,MF,1.69,182,63,14041.34,649,128,14.04134,9.8728171875
402974,Angelo Preciado,Ecuador,ECU,DF,6.31,144,61,14040.86,650,137,14.04086,9.223922627737226
477849,Helio Varela,Cabo Verde,CPV,MF,4.81,179,68,13847.35,652,130,13.84735,9.586626923076922
430657,David Raum,Germany,GER,DF,3.53,198,85,13697.63,653,123,13.697629999999998,10.022656097560974
482869,Jaouen Hadjam,Algeria,ALG,DF,5.14,158,77,13663.53,654,125,13.663530000000002,9.837741600000001
419441,Homam Ahmed,Qatar,QAT,DF,5.86,157,57,13626.23,655,134,13.62623,9.15194552238806
371393,Dostonbek Khamdamov,Uzbekistan,UZB,MF,4.48,184,63,13625.49,656,120,13.62549,10.2191175
448364,Amadou Onana,Belgium,BEL,MF,4.31,146,44,13465.81,658,127,13.46581,9.5427
400511,Kou Itakura,Japan,JPN,DF,2.86,116,34,13382.22,659,138,13.38222,8.727534782608696
423880,Lee Taeseok,Korea Republic,KOR,DF,4.44,151,68,13302.6,662,120,13.3026,9.97695
389907,Salih Ozcan,Türkiye,TUR,MF,4.65,168,60,13200.62,665,120,13.20062,9.900465
482775,Tyler Bindon,New Zealand,NZL,DF,7.1,152,48,13159.9,666,120,13.1599,9.869925
354861,Karim Boudiaf,Qatar,QAT,MF,4.59,205,30,13129.49,667,114,13.12949,10.365386842105265
491255,Daniel Svensson,Sweden,SWE,DF,5.41,149,63,13088.54,668,114,13.08854,10.333057894736843
336641,Ryan Thomas,New Zealand,NZL,MF,7.4,216,78,13002.61,671,103,13.00261,11.361503883495146
395083,Hwang Heechan,Korea Republic,KOR,MF,6.27,144,62,12925.63,673,123,12.92563,9.457778048780487
390272,Auston Trusty,USA,USA,DF,2.43,145,44,12844.54,677,123,12.84454,9.398443902439023
379953,Leon Goretzka,Germany,GER,MF,5.06,140,49,12494.96,682,122,12.494959999999999,9.217593442622949
482670,Mohammad Ghorbani,IR Iran,IRN,MF,2.39,191,53,12481.86,683,104,12.481860000000001,10.801609615384615
477855,Joao Paulo,Cabo Verde,CPV,MF,3.17,122,58,12421.69,684,121,12.42169,9.239273553719007
485804,Gustavo Caballero,Paraguay,PAR,MF,2.52,169,57,12413.4,685,117,12.4134,9.54876923076923
402934,Marcos Senesi,Argentina,ARG,DF,1.52,118,33,12320.25,686,126,12.32025,8.800178571428571
401712,Kieran Tierney,Scotland,SCO,DF,4.26,119,65,12307.0,688,115,12.307,9.631565217391305
433092,Alexis Saelemaekers,Belgium,BEL,MF,5.01,141,64,12229.42,691,107,12.22942,10.286428037383178
423575,Ben Old,New Zealand,NZL,MF,6.37,160,74,12151.2,692,112,12.151200000000001,9.764357142857143
402898,Nicolas De La Cruz,Uruguay,URU,MF,6.33,174,65,12114.61,693,115,12.11461,9.480999130434784
493221,Miro Muheim,Switzerland,SUI,DF,3.23,150,44,12070.06,694,115,12.07006,9.446133913043477
436599,Miles Robinson,USA,USA,DF,1.36,134,43,11909.05,696,104,11.909049999999999,10.305908653846153
385248,Florian Grillitsch,Austria,AUT,MF,3.44,142,41,11799.4,697,102,11.7994,10.411235294117647
405175,Seko Fofana,Côte d'Ivoire,CIV,MF,3.37,168,54,11627.71,699,103,11.627709999999999,10.16013495145631
463800,Carney Chukwuemeka,Austria,AUT,MF,4.93,160,58,11569.81,700,108,11.56981,9.641508333333334
288961,Ehsan Hajisafi,IR Iran,IRN,DF,4.41,134,48,11464.24,702,104,11.46424,9.920976923076923
464906,Jakhongir Urozov,Uzbekistan,UZB,DF,4.19,125,39,11462.91,703,112,11.462909999999999,9.211266964285713
423700,Joe Scally,USA,USA,DF,2.63,164,53,11427.62,705,100,11.427620000000001,10.284858000000002
419077,Mark Mckenzie,USA,USA,DF,1.3,148,50,11338.0,706,104,11.338,9.811730769230769
505112,Gessime Yassine,Morocco,MAR,MF,3.33,121,43,11281.33,707,101,11.28133,10.052670297029703
494627,Thelo Aasgaard,Norway,NOR,MF,1.11,127,39,11184.96,708,100,11.184959999999998,10.066463999999998
482783,Wagner Pina,Cabo Verde,CPV,DF,1.68,134,74,11150.18,710,99,11.15018,10.136527272727273
504502,Sebastian Tounekti,Tunisia,TUN,MF,7.03,146,55,11128.49,711,98,11.12849,10.220041836734694
389782,Pervis Estupinan,Ecuador,ECU,DF,3.31,144,70,11017.23,713,100,11.01723,9.915507
489523,Armin Gigovic,Bosnia and Herzegovina,BIH,MF,3.43,142,62,10900.97,714,95,10.90097,10.327234736842104
514334,Stepan Chaloupek,Czechia,CZE,DF,2.18,141,46,10873.66,715,99,10.87366,9.885145454545453
486260,Christopher Operi,Côte d'Ivoire,CIV,DF,1.6,142,55,10698.42,721,100,10.69842,9.628578000000001
430518,Nawaf Bu Washl,Saudi Arabia,KSA,DF,4.31,105,56,10603.72,724,104,10.60372,9.176296153846154
483936,David Doudera,Czechia,CZE,DF,2.09,114,34,10486.58,727,100,10.48658,9.437922
406249,Ozan Kabak,Türkiye,TUR,DF,1.98,100,33,10366.33,728,104,10.36633,8.970862499999999
418798,Pape Matar Sarr,Senegal,SEN,MF,3.29,157,44,10328.88,730,94,10.32888,9.889353191489361
371345,Odiljon Xamrobekov,Uzbekistan,UZB,MF,4.55,161,39,10324.03,731,90,10.32403,10.32403
436863,Frans Putros,Iraq,IRQ,DF,1.95,106,32,10283.22,733,105,10.28322,8.814188571428572
492358,Tomas Araujo,Portugal,POR,DF,1.22,113,39,10213.3,736,100,10.213299999999998,9.19197
373344,Garry Rodrigues,Cabo Verde,CPV,MF,3.53,123,50,10160.29,738,90,10.160290000000002,10.160290000000002
448505,Saleh Hardani,IR Iran,IRN,DF,3.78,105,37,10101.64,739,107,10.10164,8.496706542056074
394376,Deiver Machado,Colombia,COL,DF,1.22,117,56,10069.09,740,99,10.069090000000001,9.153718181818183
389485,Exequiel Palacios,Argentina,ARG,MF,0.75,113,37,10029.01,744,100,10.02901,9.026109
394456,Fabinho,Brazil,BRA,MF,3.79,117,36,9907.51,747,95,9.90751,9.386062105263159
405527,Ayumu Seko,Japan,JPN,DF,3.05,105,26,9712.91,753,97,9.712909999999999,9.011978350515463
442431,Scott Mckenna,Scotland,SCO,DF,1.87,63,17,9598.73,756,102,9.59873,8.469467647058824
430401,Tsuyoshi Watanabe,Japan,JPN,DF,2.85,100,28,9543.84,757,99,9.54384,8.67621818181818
385030,Fidel Escobar,Panama,PAN,DF,1.93,106,45,9536.99,758,98,9.53699,8.758460204081633
441239,Jorge Gutierrez,Panama,PAN,DF,2.1,117,43,9490.21,759,90,9.49021,9.49021
463221,Nkosinathi Sibisi,South Africa,RSA,DF,1.39,101,38,9387.59,761,101,9.38759,8.365179207920791
477802,Ousmane Diomande,Côte d'Ivoire,CIV,DF,1.35,75,24,8979.4,772,100,8.9794,8.08146
398569,Riechedly Bazoer,Curaçao,CUW,DF,1.69,60,15,8506.82,781,100,8.50682,7.656137999999999
448522,Alidu Seidu,Ghana,GHA,DF,1.36,73,34,8378.97,787,92,8.378969999999999,8.196818478260868
